t,y
12508.857142856345,0.0
12508.857142856345,502.0
22508.857142856345,502.0
22508.857142856345,1273.0
32508.857142856345,1273.0
32508.857142856345,1335.0
42514.857142856345,1335.0
42514.857142856345,2041.0
52508.857142856345,2041.0
52508.857142856345,2553.0
62512.857142856345,2553.0
62512.857142856345,3323.0
72508.85714285634,3323.0
72508.85714285634,3383.0
82508.85714285634,3383.0
82508.85714285634,3906.0
92512.85714285634,3906.0
92512.85714285634,4631.0
102508.85714285634,4631.0
102508.85714285634,5314.0
112508.85714285634,5314.0
112508.85714285634,5382.0
122508.85714285634,5382.0
122508.85714285634,6181.0
132508.85714285634,6181.0
132508.85714285634,6696.0
142514.85714285634,6696.0
142514.85714285634,7501.0
152508.85714285634,7501.0
152508.85714285634,7562.0
162508.85714285634,7562.0
162508.85714285634,8104.0
172508.85714285634,8104.0
172508.85714285634,8741.0
182508.85714285634,8741.0
182508.85714285634,9549.0
192508.85714285634,9549.0
192508.85714285634,9609.0
202508.85714285634,9609.0
202508.85714285634,10186.0
212512.85714285634,10186.0
212512.85714285634,10911.0
222508.85714285634,10911.0
222508.85714285634,11405.0
232508.85714285634,11405.0
232508.85714285634,11473.0
242515.85714285634,11473.0
242515.85714285634,12007.0
252508.85714285634,12007.0
252508.85714285634,12866.0
262508.85714285634,12866.0
262508.85714285634,13400.0
272512.85714285634,13400.0
272512.85714285634,13472.0
282512.85714285634,13472.0
282512.85714285634,14239.0
292508.85714285634,14239.0
292508.85714285634,14751.0
302508.85714285634,14751.0
302508.85714285634,15528.0
312508.85714285634,15528.0
312508.85714285634,16171.0
322512.85714285634,16171.0
322512.85714285634,17032.0
332508.85714285634,17032.0
332508.85714285634,17093.0
342514.85714285634,17093.0
342514.85714285634,17636.0
352508.85714285634,17636.0
352508.85714285634,18849.0
362508.85714285634,18849.0
362508.85714285634,19679.0
372508.85714285634,19679.0
372508.85714285634,19739.0
382508.85714285634,19739.0
382508.85714285634,20435.0
392512.85714285634,20435.0
392512.85714285634,21142.0
402508.85714285634,21142.0
402508.85714285634,21669.0
412508.85714285634,21669.0
412508.85714285634,21747.0
422508.85714285634,21747.0
422508.85714285634,22510.0
432508.85714285634,22510.0
432508.85714285634,23014.0
442514.85714285634,23014.0
442514.85714285634,23517.0
452512.85714285634,23517.0
452512.85714285634,23578.0
462508.85714285634,23578.0
462508.85714285634,24520.0
472508.85714285634,24520.0
472508.85714285634,25015.0
482508.85714285634,25015.0
482508.85714285634,25792.0
492508.85714285634,25792.0
492508.85714285634,25852.0
502512.85714285634,25852.0
502512.85714285634,26354.0
512512.85714285634,26354.0
512512.85714285634,27062.0
522508.85714285634,27062.0
522508.85714285634,27723.0
532508.8571428563,27723.0
532508.8571428563,27801.0
542515.8571428563,27801.0
542515.8571428563,28353.0
552508.8571428563,28353.0
552508.8571428563,29052.0
562508.8571428563,29052.0
562508.8571428563,29555.0
572512.8571428563,29555.0
572512.8571428563,29616.0
582512.8571428563,29616.0
582512.8571428563,30418.0
592508.8571428563,30418.0
592508.8571428563,31048.0
602508.8571428563,31048.0
602508.8571428563,31811.0
612508.8571428563,31811.0
612508.8571428563,31871.0
622512.8571428563,31871.0
622512.8571428563,32373.0
632508.8571428563,32373.0
632508.8571428563,33123.0
642515.8571428563,33123.0
642515.8571428563,33798.0
652508.8571428563,33798.0
652508.8571428563,33877.0
662512.8571428563,33877.0
662512.8571428563,34413.0
672508.8571428563,34413.0
672508.8571428563,35123.0
682508.8571428563,35123.0
682508.8571428563,35684.0
692512.8571428563,35684.0
692512.8571428563,35746.0
702508.8571428563,35746.0
702508.8571428563,36519.0
712508.8571428563,36519.0
712508.8571428563,37148.0
722508.8571428563,37148.0
722508.8571428563,38034.0
732508.8571428563,38034.0
732508.8571428563,38093.0
742515.8571428563,38093.0
742515.8571428563,38594.0
752551.8571428563,38594.0
752551.8571428563,39310.0
762512.8571428563,39310.0
762512.8571428563,40708.0
772508.8571428563,40708.0
772508.8571428563,41269.0
782508.8571428563,41269.0
782508.8571428563,42082.0
792508.8571428563,42082.0
792508.8571428563,42145.0
802508.8571428563,42145.0
802508.8571428563,42647.0
812512.8571428563,42647.0
812512.8571428563,43356.0
822508.8571428563,43356.0
822508.8571428563,43985.0
832508.8571428563,43985.0
832508.8571428563,44053.0
842514.8571428563,44053.0
842514.8571428563,44813.0
852508.8571428563,44813.0
852508.8571428563,45308.0
862512.8571428563,45308.0
862512.8571428563,46071.0
872508.8571428563,46071.0
872508.8571428563,46132.0
882508.8571428563,46132.0
882508.8571428563,46783.0
892508.8571428563,46783.0
892508.8571428563,47277.0
902512.8571428563,47277.0
902512.8571428563,48042.0
912508.8571428563,48042.0
912508.8571428563,48102.0
922508.8571428563,48102.0
922508.8571428563,48615.0
932508.8571428563,48615.0
932508.8571428563,49128.0
942514.8571428563,49128.0
942514.8571428563,49884.0
952508.8571428563,49884.0
952508.8571428563,49952.0
962508.8571428563,49952.0
962508.8571428563,50455.0
972508.8571428563,50455.0
972508.8571428563,51316.0
982508.8571428563,51316.0
982508.8571428563,51826.0
992512.8571428563,51826.0
992512.8571428563,51898.0
1002508.8571428563,51898.0
1002508.8571428563,52655.0
1012508.8571428563,52655.0
1012508.8571428563,53177.0
1022508.8571428563,53177.0
1022508.8571428563,53995.0
1032508.8571428563,53995.0
1032508.8571428563,54054.0
1042514.8571428563,54054.0
1042514.8571428563,54750.0
1052512.8571428563,54750.0
1052512.8571428563,55458.0
1062508.8571428563,55458.0
1062508.8571428563,55953.0
1072508.8571428563,55953.0
1072508.8571428563,56022.0
1082508.8571428563,56022.0
1082508.8571428563,56534.0
1092508.8571428563,56534.0
1092508.8571428563,57230.0
1102508.8571428563,57230.0
1102508.8571428563,57864.0
1112512.8571428563,57864.0
1112512.8571428563,57940.0
1122512.8571428563,57940.0
1122512.8571428563,58806.0
1132508.8571428563,58806.0
1132508.8571428563,59317.0
1142515.8571428563,59317.0
1142515.8571428563,60076.0
1152508.8571428563,60076.0
1152508.8571428563,60136.0
1162508.8571428563,60136.0
1162508.8571428563,61419.0
1172508.8571428563,61419.0
1172508.8571428563,62091.0
1182508.8571428563,62091.0
1182508.8571428563,62865.0
1192508.8571428563,62865.0
1192508.8571428563,62934.0
1202512.8571428563,62934.0
1202512.8571428563,63432.0
1212508.8571428563,63432.0
1212508.8571428563,64127.0
1222508.8571428563,64127.0
1222508.8571428563,64792.0
1232508.8571428563,64792.0
1232508.8571428563,64853.0
1242514.8571428563,64853.0
1242514.8571428563,67776.0
1252508.8571428563,67776.0
1252508.8571428563,68289.0
1262515.8571428563,68289.0
1262515.8571428563,71269.0
1272508.8571428563,71269.0
1272508.8571428563,71337.0
1282508.8571428563,71337.0
1282508.8571428563,71852.0
1292512.8571428563,71852.0
1292512.8571428563,72386.0
1302508.8571428563,72386.0
1302508.8571428563,75467.0
1312508.8571428563,75467.0
1312508.8571428563,75981.0
1322514.8571428563,75981.0
1322514.8571428563,78945.0
1332508.8571428563,78945.0
1332508.8571428563,79004.0
1342508.8571428563,79004.0
1342508.8571428563,79507.0
1352512.8571428563,79507.0
1352512.8571428563,82469.0
1362508.8571428563,82469.0
1362508.8571428563,83169.0
1372508.8571428563,83169.0
1372508.8571428563,83229.0
1382508.8571428563,83229.0
1382508.8571428563,86197.0
1392508.8571428563,86197.0
1392508.8571428563,86257.0
1402515.8571428563,86257.0
1402515.8571428563,86783.0
1412508.8571428563,86783.0
1412508.8571428563,89738.0
1422508.8571428563,89738.0
1422508.8571428563,92634.0
1432508.8571428563,92634.0
1432508.8571428563,93174.0
1442508.8571428563,93174.0
1442508.8571428563,93904.0
1452508.8571428563,93904.0
1452508.8571428563,96830.0
1462508.8571428563,96830.0
1462508.8571428563,97345.0
1472512.8571428563,97345.0
1472512.8571428563,97425.0
1482512.8571428563,97425.0
1482512.8571428563,100359.0
1492514.8571428563,100359.0
1492514.8571428563,100419.0
1502512.8571428563,100419.0
1502512.8571428563,100962.0
1512508.8571428563,100962.0
1512508.8571428563,101489.0
1522508.8571428563,101489.0
1522508.8571428563,104693.0
1532508.8571428563,104693.0
1532508.8571428563,104763.0
1542508.8571428563,104763.0
1542508.8571428563,107695.0
1552508.8571428563,107695.0
1552508.8571428563,108959.0
1562508.8571428563,108959.0
1562508.8571428563,111963.0
1572508.8571428563,111963.0
1572508.8571428563,112023.0
1582508.8571428563,112023.0
1582508.8571428563,112557.0
1592515.8571428563,112557.0
1592515.8571428563,112618.0
1602508.8571428563,112618.0
1602508.8571428563,113322.0
1612508.8571428563,113322.0
1612508.8571428563,113854.0
1622508.8571428563,113854.0
1622508.8571428563,116817.0
1632508.8571428563,116817.0
1632508.8571428563,116876.0
1642508.8571428563,116876.0
1642508.8571428563,117398.0
1652512.8571428563,117398.0
1652512.8571428563,120406.0
1662508.8571428563,120406.0
1662508.8571428563,121100.0
1672508.8571428563,121100.0
1672508.8571428563,121169.0
1682512.8571428563,121169.0
1682512.8571428563,124153.0
1692514.8571428563,124153.0
1692514.8571428563,124213.0
1702512.8571428563,124213.0
1702512.8571428563,124735.0
1712512.8571428563,124735.0
1712512.8571428563,127691.0
1722508.8571428563,127691.0
1722508.8571428563,128205.0
1732508.8571428563,128205.0
1732508.8571428563,128273.0
1742512.8571428563,128273.0
1742512.8571428563,131432.0
1752508.8571428563,131432.0
1752508.8571428563,131492.0
1762508.8571428563,131492.0
1762508.8571428563,134540.0
1772551.8571428563,134540.0
1772551.8571428563,135061.0
1782512.8571428563,135061.0
1782512.8571428563,135583.0
1792515.8571428563,135583.0
1792515.8571428563,135651.0
1802512.8571428563,135651.0
1802512.8571428563,138683.0
1812508.8571428563,138683.0
1812508.8571428563,138743.0
1822512.8571428563,138743.0
1822512.8571428563,139264.0
1832508.8571428563,139264.0
1832508.8571428563,142403.0
1842508.8571428563,142403.0
1842508.8571428563,142916.0
1852508.8571428563,142916.0
1852508.8571428563,142985.0
1862512.8571428563,142985.0
1862512.8571428563,145997.0
1872514.8571428563,145997.0
1872514.8571428563,146057.0
1882508.8571428563,146057.0
1882508.8571428563,146602.0
1892512.8571428563,146602.0
1892512.8571428563,149544.0
1902508.8571428563,149544.0
1902508.8571428563,150233.0
1912508.8571428563,150233.0
1912508.8571428563,153205.0
1922508.8571428563,153205.0
1922508.8571428563,153914.0
1932508.8571428563,153914.0
1932508.8571428563,156856.0
1942508.8571428563,156856.0
1942508.8571428563,157550.0
1952512.8571428563,157550.0
1952512.8571428563,161351.0
1962508.8571428563,161351.0
1962508.8571428563,161903.0
1972514.8571428563,161903.0
1972514.8571428563,164865.0
1982508.8571428563,164865.0
1982508.8571428563,165611.0
1992508.8571428563,165611.0
1992508.8571428563,168612.0
2002508.8571428563,168612.0
2002508.8571428563,169135.0
2012512.8571428563,169135.0
2012512.8571428563,172088.0
2022508.8571428563,172088.0
2022508.8571428563,172166.0
2032508.8571428563,172166.0
2032508.8571428563,172692.0
2042508.8571428563,172692.0
2042508.8571428563,173402.0
2052514.8571428563,173402.0
2052514.8571428563,176325.0
2062508.8571428563,176325.0
2062508.8571428563,176848.0
2072512.8571428563,176848.0
2072512.8571428563,177371.0
2082508.8571428563,177371.0
2082508.8571428563,180406.0
2092508.8571428563,180406.0
2092508.8571428563,180485.0
2102512.8571428563,180485.0
2102512.8571428563,181008.0
2112508.8571428563,181008.0
2112508.8571428563,181538.0
2122508.8571428563,181538.0
2122508.8571428563,184566.0
2132514.8571428563,184566.0
2132514.8571428563,184627.0
2142508.8571428563,184627.0
2142508.8571428563,185337.0
2152512.8571428563,185337.0
2152512.8571428563,185397.0
2162508.8571428563,185397.0
2162508.8571428563,188368.0
2172508.8571428563,188368.0
2172508.8571428563,188883.0
2182508.8571428563,188883.0
2182508.8571428563,191844.0
2192512.8571428563,191844.0
2192512.8571428563,191914.0
2202508.8571428563,191914.0
2202508.8571428563,192429.0
2212508.8571428563,192429.0
2212508.8571428563,193093.0
2222512.8571428563,193093.0
2222512.8571428563,193617.0
2232514.8571428563,193617.0
2232514.8571428563,193680.0
2242508.8571428563,193680.0
2242508.8571428563,196746.0
2252512.8571428563,196746.0
2252512.8571428563,197271.0
2262508.8571428563,197271.0
2262508.8571428563,200191.0
2272508.8571428563,200191.0
2272508.8571428563,200715.0
2282508.8571428563,200715.0
2282508.8571428563,203840.0
2292508.8571428563,203840.0
2292508.8571428563,206788.0
2302508.8571428563,206788.0
2302508.8571428563,207312.0
2312515.8571428563,207312.0
2312515.8571428563,210273.0
2322508.8571428563,210273.0
2322508.8571428563,213352.0
2332508.8571428563,213352.0
2332508.8571428563,213420.0
2342512.8571428563,213420.0
2342512.8571428563,214881.0
2352508.8571428563,214881.0
2352508.8571428563,214941.0
2362508.8571428563,214941.0
2362508.8571428563,215525.0
2372508.8571428563,215525.0
2372508.8571428563,218465.0
2382508.8571428563,218465.0
2382508.8571428563,219009.0
2392515.8571428563,219009.0
2392515.8571428563,219077.0
2402512.8571428563,219077.0
2402512.8571428563,222007.0
2412508.8571428563,222007.0
2412508.8571428563,222069.0
2422512.8571428563,222069.0
2422512.8571428563,222591.0
2432508.8571428563,222591.0
2432508.8571428563,222663.0
2442508.8571428563,222663.0
2442508.8571428563,223350.0
2452508.8571428563,223350.0
2452508.8571428563,226317.0
2462512.8571428563,226317.0
2462512.8571428563,226841.0
2472514.8571428563,226841.0
2472514.8571428563,227356.0
2482508.8571428563,227356.0
2482508.8571428563,230306.0
2492512.8571428563,230306.0
2492512.8571428563,230368.0
2502508.8571428563,230368.0
2502508.8571428563,231042.0
2512508.8571428563,231042.0
2512508.8571428563,234000.0
2522508.8571428563,234000.0
2522508.8571428563,234528.0
2532508.8571428563,234528.0
2532508.8571428563,234587.0
2542512.8571428563,234587.0
2542512.8571428563,237540.0
2552515.8571428563,237540.0
2552515.8571428563,237612.0
2562512.8571428563,237612.0
2562512.8571428563,238275.0
2572512.8571428563,238275.0
2572512.8571428563,241316.0
2582508.8571428563,241316.0
2582508.8571428563,244228.0
2592508.8571428563,244228.0
2592508.8571428563,244288.0
2602512.8571428563,244288.0
2602512.8571428563,244814.0
2612512.8571428563,244814.0
2612512.8571428563,244876.0
2622508.8571428563,244876.0
2622508.8571428563,245414.0
2632508.8571428563,245414.0
2632508.8571428563,245473.0
2642512.8571428563,245473.0
2642512.8571428563,248420.0
2652514.8571428563,248420.0
2652514.8571428563,249079.0
2662508.8571428563,249079.0
2662508.8571428563,252027.0
2672512.8571428563,252027.0
2672512.8571428563,252099.0
2682512.8571428563,252099.0
2682512.8571428563,252631.0
2692512.8571428563,252631.0
2692512.8571428563,252699.0
2702512.8571428563,252699.0
2702512.8571428563,255634.0
2712508.8571428563,255634.0
2712508.8571428563,256294.0
2722508.8571428563,256294.0
2722508.8571428563,259467.0
2732515.8571428563,259467.0
2732515.8571428563,259531.0
2742508.8571428563,259531.0
2742508.8571428563,260079.0
2752512.8571428563,260079.0
2752512.8571428563,260139.0
2762512.8571428563,260139.0
2762512.8571428563,260667.0
2772508.8571428563,260667.0
2772508.8571428563,263754.0
2782508.8571428563,263754.0
2782508.8571428563,267467.0
2792551.8571428563,267467.0
2792551.8571428563,268043.0
2802508.8571428563,268043.0
2802508.8571428563,271136.0
2812508.8571428563,271136.0
2812508.8571428563,271196.0
2822512.8571428563,271196.0
2822512.8571428563,271724.0
2832508.8571428563,271724.0
2832508.8571428563,274664.0
2842514.8571428563,274664.0
2842514.8571428563,274732.0
2852512.8571428563,274732.0
2852512.8571428563,275260.0
2862508.8571428563,275260.0
2862508.8571428563,278368.0
2872508.8571428563,278368.0
2872508.8571428563,278887.0
2882508.8571428563,278887.0
2882508.8571428563,281834.0
2892512.8571428563,281834.0
2892512.8571428563,281894.0
2902512.8571428563,281894.0
2902512.8571428563,284846.0
2912512.8571428563,284846.0
2912512.8571428563,285525.0
2922508.8571428563,285525.0
2922508.8571428563,286043.0
2932514.8571428563,286043.0
2932514.8571428563,286111.0
2942512.8571428563,286111.0
2942512.8571428563,286639.0
2952508.8571428563,286639.0
2952508.8571428563,286701.0
2962508.8571428563,286701.0
2962508.8571428563,289657.0
2972512.8571428563,289657.0
2972512.8571428563,292602.0
2982508.8571428563,292602.0
2982508.8571428563,293306.0
2992508.8571428563,293306.0
2992508.8571428563,293366.0
3002512.8571428563,293366.0
3002512.8571428563,296270.0
3012508.8571428563,296270.0
3012508.8571428563,296330.0
3022512.8571428563,296330.0
3022512.8571428563,296856.0
3032514.8571428563,296856.0
3032514.8571428563,297408.0
3042508.8571428563,297408.0
3042508.8571428563,300339.0
3052512.8571428563,300339.0
3052512.8571428563,300407.0
3062508.8571428563,300407.0
3062508.8571428563,301088.0
3072508.8571428563,301088.0
3072508.8571428563,301148.0
3082508.8571428563,301148.0
3082508.8571428563,301684.0
3092512.8571428563,301684.0
3092512.8571428563,304625.0
3102508.8571428563,304625.0
3102508.8571428563,305176.0
3112514.8571428563,305176.0
3112514.8571428563,305236.0
3122508.8571428563,305236.0
3122508.8571428563,308432.0
3132508.8571428563,308432.0
3132508.8571428563,308491.0
3142512.8571428563,308491.0
3142512.8571428563,311446.0
3152512.8571428563,311446.0
3152512.8571428563,311970.0
3162508.8571428563,311970.0
3162508.8571428563,314893.0
3172508.8571428563,314893.0
3172508.8571428563,314972.0
3182508.8571428563,314972.0
3182508.8571428563,316462.0
3192514.8571428563,316462.0
3192514.8571428563,316522.0
3202508.8571428563,316522.0
3202508.8571428563,317085.0
3212508.8571428563,317085.0
3212508.8571428563,320112.0
3222508.8571428563,320112.0
3222508.8571428563,320636.0
3232508.8571428563,320636.0
3232508.8571428563,320704.0
3242512.8571428563,320704.0
3242512.8571428563,323828.0
3252508.8571428563,323828.0
3252508.8571428563,323888.0
3262512.8571428563,323888.0
3262512.8571428563,326849.0
3272512.8571428563,326849.0
3272512.8571428563,327372.0
3282514.8571428563,327372.0
3282514.8571428563,327898.0
3292508.8571428563,327898.0
3292508.8571428563,327977.0
3302512.8571428563,327977.0
3302512.8571428563,331087.0
3312508.8571428563,331087.0
3312508.8571428563,331147.0
3322551.8571428563,331147.0
3322551.8571428563,331680.0
3332508.8571428563,331680.0
3332508.8571428563,334675.0
3342508.8571428563,334675.0
3342508.8571428563,335188.0
3352512.8571428563,335188.0
3352512.8571428563,338160.0
3362512.8571428563,338160.0
3362512.8571428563,338692.0
3372514.8571428563,338692.0
3372514.8571428563,338752.0
3382508.8571428563,338752.0
3382508.8571428563,341946.0
3392508.8571428563,341946.0
3392508.8571428563,342007.0
3402508.8571428563,342007.0
3402508.8571428563,342519.0
3412508.8571428563,342519.0
3412508.8571428563,345492.0
3422512.8571428563,345492.0
3422512.8571428563,346015.0
3432508.8571428563,346015.0
3432508.8571428563,346074.0
3442512.8571428563,346074.0
3442512.8571428563,349187.0
3452515.8571428563,349187.0
3452515.8571428563,349248.0
3462508.8571428563,349248.0
3462508.8571428563,349769.0
3472508.8571428563,349769.0
3472508.8571428563,352726.0
3482508.8571428563,352726.0
3482508.8571428563,353271.0
3492508.8571428563,353271.0
3492508.8571428563,353331.0
3502512.8571428563,353331.0
3502512.8571428563,356444.0
3512512.8571428563,356444.0
3512512.8571428563,356506.0
3522508.8571428563,356506.0
3522508.8571428563,357165.0
3532508.8571428563,357165.0
3532508.8571428563,357224.0
3542512.8571428563,357224.0
3542512.8571428563,357757.0
3552514.8571428563,357757.0
3552514.8571428563,360686.0
3562508.8571428563,360686.0
3562508.8571428563,363808.0
3572512.8571428563,363808.0
3572512.8571428563,365114.0
3582508.8571428563,365114.0
3582508.8571428563,365675.0
3592508.8571428563,365675.0
3592508.8571428563,365744.0
3602512.8571428563,365744.0
3602512.8571428563,368701.0
3612508.8571428563,368701.0
3612508.8571428563,371794.0
3622508.8571428563,371794.0
3622508.8571428563,372326.0
3632514.8571428563,372326.0
3632514.8571428563,375298.0
3642508.8571428563,375298.0
3642508.8571428563,375810.0
3652512.8571428563,375810.0
3652512.8571428563,375878.0
3662508.8571428563,375878.0
3662508.8571428563,378809.0
3672512.8571428563,378809.0
3672512.8571428563,378869.0
3682512.8571428563,378869.0
3682512.8571428563,381980.0
3692512.8571428563,381980.0
3692512.8571428563,382516.0
3702514.8571428563,382516.0
3702514.8571428563,383049.0
3712508.8571428563,383049.0
3712508.8571428563,383569.0
3722508.8571428563,383569.0
3722508.8571428563,386499.0
3732508.8571428563,386499.0
3732508.8571428563,387178.0
3742508.8571428563,387178.0
3742508.8571428563,390213.0
3752512.8571428563,390213.0
3752512.8571428563,390744.0
3762508.8571428563,390744.0
3762508.8571428563,391256.0
3772512.8571428563,391256.0
3772512.8571428563,391324.0
3782512.8571428563,391324.0
3782512.8571428563,394278.0
3792514.8571428563,394278.0
3792514.8571428563,394791.0
3802508.8571428563,394791.0
3802508.8571428563,397893.0
3812552.8571428563,397893.0
3812552.8571428563,397954.0
3822508.8571428563,397954.0
3822508.8571428563,398484.0
3832508.8571428563,398484.0
3832508.8571428563,401450.0
3842508.8571428563,401450.0
3842508.8571428563,401511.0
3852508.8571428563,401511.0
3852508.8571428563,402023.0
3862512.8571428563,402023.0
3862512.8571428563,402543.0
3872518.8571428563,402543.0
3872518.8571428563,405690.0
3882508.8571428563,405690.0
3882508.8571428563,406218.0
3892508.8571428563,406218.0
3892508.8571428563,406741.0
3902512.8571428563,406741.0
3902512.8571428563,409668.0
3912508.8571428563,409668.0
3912508.8571428563,409728.0
3922508.8571428563,409728.0
3922508.8571428563,410385.0
3932508.8571428563,410385.0
3932508.8571428563,410450.0
3942514.8571428563,410450.0
3942514.8571428563,413512.0
3952508.8571428563,413512.0
3952508.8571428563,414033.0
3962508.8571428563,414033.0
3962508.8571428563,417709.0
3972508.8571428563,417709.0
3972508.8571428563,417769.0
3982508.8571428563,417769.0
3982508.8571428563,418342.0
3992512.8571428563,418342.0
3992512.8571428563,418404.0
4002512.8571428563,418404.0
4002512.8571428563,421312.0
4012508.8571428563,421312.0
4012508.8571428563,421984.0
4022514.8571428563,421984.0
4022514.8571428563,424921.0
4032508.8571428563,424921.0
4032508.8571428563,424980.0
4042508.8571428563,424980.0
4042508.8571428563,425500.0
4052512.8571428563,425500.0
4052512.8571428563,426023.0
4062508.8571428563,426023.0
4062508.8571428563,426083.0
4072512.8571428563,426083.0
4072512.8571428563,429044.0
4082508.8571428563,429044.0
4082508.8571428563,429603.0
4092508.8571428563,429603.0
4092508.8571428563,432683.0
4102514.8571428563,432683.0
4102514.8571428563,433204.0
4112512.8571428563,433204.0
4112512.8571428563,433740.0
4122508.8571428563,433740.0
4122508.8571428563,436648.0
4132508.8571428563,436648.0
4132508.8571428563,436726.0
4142512.8571428563,436726.0
4142512.8571428563,439781.0
4152508.8571428563,439781.0
4152508.8571428563,439841.0
4162512.8571428563,439841.0
4162512.8571428563,440361.0
4172512.8571428563,440361.0
4172512.8571428563,440882.0
4182508.8571428563,440882.0
4182508.8571428563,443857.0
4192514.8571428563,443857.0
4192514.8571428563,443925.0
4202525.857142856,443925.0
4202525.857142856,444455.0
4212508.857142856,444455.0
4212508.857142856,444515.0
4222512.857142856,444515.0
4222512.857142856,447583.0
4232508.857142856,447583.0
4232508.857142856,448128.0
4242508.857142856,448128.0
4242508.857142856,451002.0
4252512.857142856,451002.0
4252512.857142856,451080.0
4262512.857142856,451080.0
4262512.857142856,451607.0
4272508.857142856,451607.0
4272508.857142856,451667.0
4282508.857142856,451667.0
4282508.857142856,452201.0
4292515.857142856,452201.0
4292515.857142856,455289.0
4302508.857142856,455289.0
4302508.857142856,455802.0
4312508.857142856,455802.0
4312508.857142856,455870.0
4322508.857142856,455870.0
4322508.857142856,458946.0
4332508.857142856,458946.0
4332508.857142856,459005.0
4342512.857142856,459005.0
4342512.857142856,459526.0
4352512.857142856,459526.0
4352512.857142856,462708.0
4362514.857142856,462708.0
4362514.857142856,463221.0
4372512.857142856,463221.0
4372512.857142856,463299.0
4382512.857142856,463299.0
4382512.857142856,466961.0
4392508.857142856,466961.0
4392508.857142856,467021.0
4402508.857142856,467021.0
4402508.857142856,467581.0
4412512.857142856,467581.0
4412512.857142856,467643.0
4422508.857142856,467643.0
4422508.857142856,470749.0
4432508.857142856,470749.0
4432508.857142856,471279.0
4442514.857142856,471279.0
4442514.857142856,474186.0
4452508.857142856,474186.0
4452508.857142856,474246.0
4462512.857142856,474246.0
4462512.857142856,474767.0
4472512.857142856,474767.0
4472512.857142856,474829.0
4482512.857142856,474829.0
4482512.857142856,477875.0
4492508.857142856,477875.0
4492508.857142856,478406.0
4502512.857142856,478406.0
4502512.857142856,481304.0
4512508.857142856,481304.0
4512508.857142856,481364.0
4522514.857142856,481364.0
4522514.857142856,481885.0
4532508.857142856,481885.0
4532508.857142856,481946.0
4542508.857142856,481946.0
4542508.857142856,485024.0
4552508.857142856,485024.0
4552508.857142856,485551.0
4562508.857142856,485551.0
4562508.857142856,488461.0
4572512.857142856,488461.0
4572512.857142856,488521.0
4582512.857142856,488521.0
4582512.857142856,491605.0
4592512.857142856,491605.0
4592512.857142856,492143.0
4602508.857142856,492143.0
4602508.857142856,492660.0
4612514.857142856,492660.0
4612514.857142856,495641.0
4622514.857142856,495641.0
4622514.857142856,498701.0
4632508.857142856,498701.0
4632508.857142856,498760.0
4642508.857142856,498760.0
4642508.857142856,499295.0
4652514.857142856,499295.0
4652514.857142856,499816.0
4662508.857142856,499816.0
4662508.857142856,502766.0
4672508.857142856,502766.0
4672508.857142856,502835.0
4682508.857142856,502835.0
4682508.857142856,505982.0
4692514.857142856,505982.0
4692514.857142856,506042.0
4702512.857142856,506042.0
4702512.857142856,506562.0
4712508.857142856,506562.0
4712508.857142856,507110.0
4722508.857142856,507110.0
4722508.857142856,510145.0
4732508.857142856,510145.0
4732508.857142856,510213.0
4742512.857142856,510213.0
4742512.857142856,510735.0
4752508.857142856,510735.0
4752508.857142856,510795.0
4762508.857142856,510795.0
4762508.857142856,513722.0
4772512.857142856,513722.0
4772512.857142856,515181.0
4782512.857142856,515181.0
4782512.857142856,515745.0
4792515.857142856,515745.0
4792515.857142856,515813.0
4802512.857142856,515813.0
4802512.857142856,518720.0
4812508.857142856,518720.0
4812508.857142856,518780.0
4822512.857142856,518780.0
4822512.857142856,519301.0
4832508.857142856,519301.0
4832508.857142856,522273.0
4842512.857142856,522273.0
4842512.857142856,522941.0
4852508.857142856,522941.0
4852508.857142856,525895.0
4862512.857142856,525895.0
4862512.857142856,525957.0
4872514.857142856,525957.0
4872514.857142856,526470.0
4882508.857142856,526470.0
4882508.857142856,529417.0
4892512.857142856,529417.0
4892512.857142856,530079.0
4902508.857142856,530079.0
4902508.857142856,532994.0
4912508.857142856,532994.0
4912508.857142856,533520.0
4922508.857142856,533520.0
4922508.857142856,536428.0
4932508.857142856,536428.0
4932508.857142856,537094.0
4942508.857142856,537094.0
4942508.857142856,540013.0
4952515.857142856,540013.0
4952515.857142856,540075.0
4962508.857142856,540075.0
4962508.857142856,540595.0
4972508.857142856,540595.0
4972508.857142856,540665.0
4982508.857142856,540665.0
4982508.857142856,543587.0
4992508.857142856,543587.0
4992508.857142856,544099.0
5002508.857142856,544099.0
5002508.857142856,547239.0
5012512.857142856,547239.0
5012512.857142856,547299.0
5022512.857142856,547299.0
5022512.857142856,547827.0
5032508.857142856,547827.0
5032508.857142856,547886.0
5042512.857142856,547886.0
5042512.857142856,550779.0
5052514.857142856,550779.0
5052514.857142856,551292.0
5062508.857142856,551292.0
5062508.857142856,551811.0
5072512.857142856,551811.0
5072512.857142856,551871.0
5082512.857142856,551871.0
5082512.857142856,554778.0
5092508.857142856,554778.0
5092508.857142856,554848.0
5102512.857142856,554848.0
5102512.857142856,555371.0
5112508.857142856,555371.0
5112508.857142856,556022.0
5122508.857142856,556022.0
5122508.857142856,559096.0
5132512.857142856,559096.0
5132512.857142856,559156.0
5142508.857142856,559156.0
5142508.857142856,562049.0
5152515.857142856,562049.0
5152515.857142856,562109.0
5162512.857142856,562109.0
5162512.857142856,562662.0
5172508.857142856,562662.0
5172508.857142856,563184.0
5182508.857142856,563184.0
5182508.857142856,567014.0
5192508.857142856,567014.0
5192508.857142856,567096.0
5202508.857142856,567096.0
5202508.857142856,570034.0
5212512.857142856,570034.0
5212512.857142856,570094.0
5222512.857142856,570094.0
5222512.857142856,570623.0
5232508.857142856,570623.0
5232508.857142856,571287.0
5242514.857142856,571287.0
5242514.857142856,571366.0
5252512.857142856,571366.0
5252512.857142856,574315.0
5262508.857142856,574315.0
5262508.857142856,577205.0
5272512.857142856,577205.0
5272512.857142856,577724.0
5282508.857142856,577724.0
5282508.857142856,578257.0
5292508.857142856,578257.0
5292508.857142856,578317.0
5302508.857142856,578317.0
5302508.857142856,581393.0
5312512.857142856,581393.0
5312512.857142856,581465.0
5322516.857142856,581465.0
5322516.857142856,584442.0
5332514.857142856,584442.0
5332514.857142856,584974.0
5342512.857142856,584974.0
5342512.857142856,587881.0
5352508.857142856,587881.0
5352508.857142856,588392.0
5362508.857142856,588392.0
5362508.857142856,591469.0
5372512.857142856,591469.0
5372512.857142856,591529.0
5382512.857142856,591529.0
5382512.857142856,594468.0
5392512.857142856,594468.0
5392512.857142856,594990.0
5402508.857142856,594990.0
5402508.857142856,597972.0
5412514.857142856,597972.0
5412514.857142856,598032.0
5422512.857142856,598032.0
5422512.857142856,598552.0
5432508.857142856,598552.0
5432508.857142856,598611.0
5442508.857142856,598611.0
5442508.857142856,599274.0
5452512.857142856,599274.0
5452512.857142856,599353.0
5462512.857142856,599353.0
5462512.857142856,602276.0
5472512.857142856,602276.0
5472512.857142856,605216.0
5482508.857142856,605216.0
5482508.857142856,605747.0
5492512.857142856,605747.0
5492512.857142856,605807.0
5502512.857142856,605807.0
5502512.857142856,606331.0
5512508.857142856,606331.0
5512508.857142856,606399.0
5522514.857142856,606399.0
5522514.857142856,609614.0
5532508.857142856,609614.0
5532508.857142856,609685.0
5542508.857142856,609685.0
5542508.857142856,610206.0
5552512.857142856,610206.0
5552512.857142856,613184.0
5562508.857142856,613184.0
5562508.857142856,613712.0
5572512.857142856,613712.0
5572512.857142856,613780.0
5582512.857142856,613780.0
5582512.857142856,616758.0
5592515.857142856,616758.0
5592515.857142856,616818.0
5602512.857142856,616818.0
5602512.857142856,618256.0
5612508.857142856,618256.0
5612508.857142856,618316.0
5622512.857142856,618316.0
5622512.857142856,621248.0
5632508.857142856,621248.0
5632508.857142856,621316.0
5642508.857142856,621316.0
5642508.857142856,621853.0
5652508.857142856,621853.0
5652508.857142856,624870.0
5662508.857142856,624870.0
5662508.857142856,625391.0
5672508.857142856,625391.0
5672508.857142856,625469.0
5682508.857142856,625469.0
5682508.857142856,628527.0
5692514.857142856,628527.0
5692514.857142856,628596.0
5702512.857142856,628596.0
5702512.857142856,629129.0
5712508.857142856,629129.0
5712508.857142856,629189.0
5722508.857142856,629189.0
5722508.857142856,632130.0
5732512.857142856,632130.0
5732512.857142856,632666.0
5742508.857142856,632666.0
5742508.857142856,635567.0
5752512.857142856,635567.0
5752512.857142856,635635.0
5762516.857142856,635635.0
5762516.857142856,636313.0
5772508.857142856,636313.0
5772508.857142856,636373.0
5782508.857142856,636373.0
5782508.857142856,639326.0
5792515.857142856,639326.0
5792515.857142856,639398.0
5802508.857142856,639398.0
5802508.857142856,642313.0
5812508.857142856,642313.0
5812508.857142856,642983.0
5822512.857142856,642983.0
5822512.857142856,645889.0
5832508.857142856,645889.0
5832508.857142856,646414.0
5842508.857142856,646414.0
5842508.857142856,649335.0
5852512.857142856,649335.0
5852512.857142856,649402.0
5862512.857142856,649402.0
5862512.857142856,650076.0
5872512.857142856,650076.0
5872512.857142856,653042.0
5882514.857142856,653042.0
5882514.857142856,653103.0
5892508.857142856,653103.0
5892508.857142856,653620.0
5902512.857142856,653620.0
5902512.857142856,656602.0
5912512.857142856,656602.0
5912512.857142856,657268.0
5922508.857142856,657268.0
5922508.857142856,660361.0
5932508.857142856,660361.0
5932508.857142856,660439.0
5942512.857142856,660439.0
5942512.857142856,663409.0
5952513.857142856,663409.0
5952513.857142856,664679.0
5962508.857142856,664679.0
5962508.857142856,665243.0
5972515.857142856,665243.0
5972515.857142856,668413.0
5982508.857142856,668413.0
5982508.857142856,668951.0
5992512.857142856,668951.0
5992512.857142856,671930.0
6002508.857142856,671930.0
6002508.857142856,672474.0
6012508.857142856,672474.0
6012508.857142856,672534.0
6022508.857142856,672534.0
6022508.857142856,675494.0
6032512.857142856,675494.0
6032512.857142856,675564.0
6042514.857142856,675564.0
6042514.857142856,676221.0
6052508.857142856,676221.0
6052508.857142856,676290.0
6062512.857142856,676290.0
6062512.857142856,676827.0
6072508.857142856,676827.0
6072508.857142856,679773.0
6082508.857142856,679773.0
6082508.857142856,680320.0
6092512.857142856,680320.0
6092512.857142856,680382.0
6102508.857142856,680382.0
6102508.857142856,683320.0
6112512.857142856,683320.0
6112512.857142856,683388.0
6122512.857142856,683388.0
6122512.857142856,683925.0
6132508.857142856,683925.0
6132508.857142856,683984.0
6142515.857142856,683984.0
6142515.857142856,687036.0
6152512.857142856,687036.0
6152512.857142856,687108.0
6162512.857142856,687108.0
6162512.857142856,687775.0
6172512.857142856,687775.0
6172512.857142856,688306.0
6182508.857142856,688306.0
6182508.857142856,691296.0
6192512.857142856,691296.0
6192512.857142856,691356.0
6202512.857142856,691356.0
6202512.857142856,694336.0
6212512.857142856,694336.0
6212512.857142856,694396.0
6222515.857142856,694396.0
6222515.857142856,697361.0
6232508.857142856,697361.0
6232508.857142856,697420.0
6242512.857142856,697420.0
6242512.857142856,698089.0
6252508.857142856,698089.0
6252508.857142856,701029.0
6262508.857142856,701029.0
6262508.857142856,701097.0
6272512.857142856,701097.0
6272512.857142856,701630.0
6282508.857142856,701630.0
6282508.857142856,704590.0
6292508.857142856,704590.0
6292508.857142856,705268.0
6302514.857142856,705268.0
6302514.857142856,708306.0
6312508.857142856,708306.0
6312508.857142856,708366.0
6322508.857142856,708366.0
6322508.857142856,711494.0
6332512.857142856,711494.0
6332512.857142856,711556.0
6342508.857142856,711556.0
6342508.857142856,712075.0
6352512.857142856,712075.0
6352512.857142856,712143.0
6362512.857142856,712143.0
6362512.857142856,715125.0
6372516.857142856,715125.0
6372516.857142856,715811.0
6382514.857142856,715811.0
6382514.857142856,719557.0
6392509.857142856,719557.0
6392509.857142856,722506.0
6402508.857142856,722506.0
6402508.857142856,723023.0
6412512.857142856,723023.0
6412512.857142856,723091.0
6422512.857142856,723091.0
6422512.857142856,723755.0
6432509.857142856,723755.0
6432509.857142856,723814.0
6442508.857142856,723814.0
6442508.857142856,726802.0
6452508.857142856,726802.0
6452508.857142856,726866.0
6462512.857142856,726866.0
6462512.857142856,727392.0
6472508.857142856,727392.0
6472508.857142856,727460.0
6482512.857142856,727460.0
6482512.857142856,727998.0
6492508.857142856,727998.0
6492508.857142856,730934.0
6502508.857142856,730934.0
6502508.857142856,734060.0
6512512.857142856,734060.0
6512512.857142856,734653.0
6522508.857142856,734653.0
6522508.857142856,737599.0
6532508.857142856,737599.0
6532508.857142856,738136.0
6542508.857142856,738136.0
6542508.857142856,738677.0
6552508.857142856,738677.0
6552508.857142856,741613.0
6562514.857142856,741613.0
6562514.857142856,742294.0
6572512.857142856,742294.0
6572512.857142856,745265.0
6582508.857142856,745265.0
6582508.857142856,745343.0
6592508.857142856,745343.0
6592508.857142856,748321.0
6602508.857142856,748321.0
6602508.857142856,748383.0
6612512.857142856,748383.0
6612512.857142856,748923.0
6622516.857142856,748923.0
6622516.857142856,748983.0
6632512.857142856,748983.0
6632512.857142856,752108.0
6642514.857142856,752108.0
6642514.857142856,752624.0
6652512.857142856,752624.0
6652512.857142856,753142.0
6662512.857142856,753142.0
6662512.857142856,756215.0
6672508.857142856,756215.0
6672508.857142856,756732.0
6682508.857142856,756732.0
6682508.857142856,757274.0
6692512.857142856,757274.0
6692512.857142856,757344.0
6702508.857142856,757344.0
6702508.857142856,760438.0
6712508.857142856,760438.0
6712508.857142856,760954.0
6722508.857142856,760954.0
6722508.857142856,764077.0
6732514.857142856,764077.0
6732514.857142856,764616.0
6742508.857142856,764616.0
6742508.857142856,768325.0
6752508.857142856,768325.0
6752508.857142856,771289.0
6762508.857142856,771289.0
6762508.857142856,771945.0
6772512.857142856,771945.0
6772512.857142856,772005.0
6782512.857142856,772005.0
6782512.857142856,775082.0
6792508.857142856,775082.0
6792508.857142856,775142.0
6802508.857142856,775142.0
6802508.857142856,775675.0
6812518.857142856,775675.0
6812518.857142856,775737.0
6822512.857142856,775737.0
6822512.857142856,776261.0
6832508.857142856,776261.0
6832508.857142856,779233.0
6842508.857142856,779233.0
6842508.857142856,779294.0
6852508.857142856,779294.0
6852508.857142856,782464.0
6862508.857142856,782464.0
6862508.857142856,782992.0
6872557.857142856,782992.0
6872557.857142856,783535.0
6882512.857142856,783535.0
6882512.857142856,786495.0
6892512.857142856,786495.0
6892512.857142856,786555.0
6902512.857142856,786555.0
6902512.857142856,787088.0
6912514.857142856,787088.0
6912514.857142856,787148.0
6922508.857142856,787148.0
6922508.857142856,787665.0
6932508.857142856,787665.0
6932508.857142856,787735.0
6942508.857142856,787735.0
6942508.857142856,790684.0
6952512.857142856,790684.0
6952512.857142856,791356.0
6962508.857142856,791356.0
6962508.857142856,794318.0
6972516.857142856,794318.0
6972516.857142856,797271.0
6982508.857142856,797271.0
6982508.857142856,797807.0
6992508.857142856,797807.0
6992508.857142856,797868.0
7002508.857142856,797868.0
7002508.857142856,800962.0
7012514.857142856,800962.0
7012514.857142856,801030.0
7022512.857142856,801030.0
7022512.857142856,804001.0
7032508.857142856,804001.0
7032508.857142856,804060.0
7042508.857142856,804060.0
7042508.857142856,804588.0
7052512.857142856,804588.0
7052512.857142856,805113.0
7062508.857142856,805113.0
7062508.857142856,805173.0
7072512.857142856,805173.0
7072512.857142856,808099.0
7082508.857142856,808099.0
7082508.857142856,811237.0
7092508.857142856,811237.0
7092508.857142856,811773.0
7102515.857142856,811773.0
7102515.857142856,814756.0
7112508.857142856,814756.0
7112508.857142856,814827.0
7122508.857142856,814827.0
7122508.857142856,815481.0
7132508.857142856,815481.0
7132508.857142856,815540.0
7142508.857142856,815540.0
7142508.857142856,818592.0
7152512.857142856,818592.0
7152512.857142856,818653.0
7162512.857142856,818653.0
7162512.857142856,819187.0
7172512.857142856,819187.0
7172512.857142856,822306.0
7182514.857142856,822306.0
7182514.857142856,822365.0
7192512.857142856,822365.0
7192512.857142856,823636.0
7202508.857142856,823636.0
7202508.857142856,826663.0
7212508.857142856,826663.0
7212508.857142856,827178.0
7222512.857142856,827178.0
7222512.857142856,830308.0
7232552.857142856,830308.0
7232552.857142856,830399.0
7242508.857142856,830399.0
7242508.857142856,830916.0
7252512.857142856,830916.0
7252512.857142856,830976.0
7262512.857142856,830976.0
7262512.857142856,831523.0
7272514.857142856,831523.0
7272514.857142856,831582.0
7282508.857142856,831582.0
7282508.857142856,834586.0
7292512.857142856,834586.0
7292512.857142856,835121.0
7302508.857142856,835121.0
7302508.857142856,838241.0
7312508.857142856,838241.0
7312508.857142856,838301.0
7322512.857142856,838301.0
7322512.857142856,841281.0
7332508.857142856,841281.0
7332508.857142856,841340.0
7342512.857142856,841340.0
7342512.857142856,841859.0
7352508.857142856,841859.0
7352508.857142856,841929.0
7362514.857142856,841929.0
7362514.857142856,844879.0
7372512.857142856,844879.0
7372512.857142856,844939.0
7382512.857142856,844939.0
7382512.857142856,845638.0
7392508.857142856,845638.0
7392508.857142856,846157.0
7402508.857142856,846157.0
7402508.857142856,846217.0
7412512.857142856,846217.0
7412512.857142856,849205.0
7422508.857142856,849205.0
7422508.857142856,849723.0
7432508.857142856,849723.0
7432508.857142856,852779.0
7442514.857142856,852779.0
7442514.857142856,852849.0
7452508.857142856,852849.0
7452508.857142856,855955.0
7462508.857142856,855955.0
7462508.857142856,856475.0
7472512.857142856,856475.0
7472512.857142856,857010.0
7482508.857142856,857010.0
7482508.857142856,859974.0
7492512.857142856,859974.0
7492512.857142856,860034.0
7502512.857142856,860034.0
7502512.857142856,863008.0
7512512.857142856,863008.0
7512512.857142856,863068.0
7522512.857142856,863068.0
7522512.857142856,863922.0
7532514.857142856,863922.0
7532514.857142856,866850.0
7542508.857142856,866850.0
7542508.857142856,866910.0
7552512.857142856,866910.0
7552512.857142856,867427.0
7562508.857142856,867427.0
7562508.857142856,871169.0
7572508.857142856,871169.0
7572508.857142856,871879.0
7582508.857142856,871879.0
7582508.857142856,874956.0
7592512.857142856,874956.0
7592512.857142856,875032.0
7602515.857142856,875032.0
7602515.857142856,875570.0
7612512.857142856,875570.0
7612512.857142856,875630.0
7622512.857142856,875630.0
7622512.857142856,878610.0
7632508.857142856,878610.0
7632508.857142856,878669.0
7642512.857142856,878669.0
7642512.857142856,879187.0
7652508.857142856,879187.0
7652508.857142856,879723.0
7662508.857142856,879723.0
7662508.857142856,879793.0
7672512.857142856,879793.0
7672512.857142856,882915.0
7682508.857142856,882915.0
7682508.857142856,885906.0
7692515.857142856,885906.0
7692515.857142856,886425.0
7702512.857142856,886425.0
7702512.857142856,889401.0
7712512.857142856,889401.0
7712512.857142856,889471.0
7722512.857142856,889471.0
7722512.857142856,890130.0
7732508.857142856,890130.0
7732508.857142856,890189.0
7742512.857142856,890189.0
7742512.857142856,893184.0
7752512.857142856,893184.0
7752512.857142856,893244.0
7762512.857142856,893244.0
7762512.857142856,893773.0
7772514.857142856,893773.0
7772514.857142856,896696.0
7782508.857142856,896696.0
7782508.857142856,896755.0
7792512.857142856,896755.0
7792512.857142856,899672.0
7802508.857142856,899672.0
7802508.857142856,900351.0
7812508.857142856,900351.0
7812508.857142856,900882.0
7822508.857142856,900882.0
7822508.857142856,903856.0
7832512.857142856,903856.0
7832512.857142856,903926.0
7842514.857142856,903926.0
7842514.857142856,904447.0
7852512.857142856,904447.0
7852512.857142856,904507.0
7862512.857142856,904507.0
7862512.857142856,905036.0
7872508.857142856,905036.0
7872508.857142856,905104.0
7882508.857142856,905104.0
7882508.857142856,908102.0
7892516.857142856,908102.0
7892516.857142856,908177.0
7902508.857142856,908177.0
7902508.857142856,908847.0
7912512.857142856,908847.0
7912512.857142856,908907.0
7922514.857142856,908907.0
7922514.857142856,912098.0
7932508.857142856,912098.0
7932508.857142856,915006.0
7942514.857142856,915006.0
7942514.857142856,915527.0
7952508.857142856,915527.0
7952508.857142856,918671.0
7962508.857142856,918671.0
7962508.857142856,919194.0
7972512.857142856,919194.0
7972512.857142856,919254.0
7982512.857142856,919254.0
7982512.857142856,920627.0
7992508.857142856,920627.0
7992508.857142856,920687.0
8002508.857142856,920687.0
8002508.857142856,923722.0
8012524.857142856,923722.0
8012524.857142856,923784.0
8022515.857142856,923784.0
8022515.857142856,924315.0
8032508.857142856,924315.0
8032508.857142856,924374.0
8042512.857142856,924374.0
8042512.857142856,927504.0
8052508.857142856,927504.0
8052508.857142856,927573.0
8062512.857142856,927573.0
8062512.857142856,930631.0
8072515.857142856,930631.0
8072515.857142856,930711.0
8082512.857142856,930711.0
8082512.857142856,931261.0
8092512.857142856,931261.0
8092512.857142856,931321.0
8102512.857142856,931321.0
8102512.857142856,934448.0
8112514.857142856,934448.0
8112514.857142856,934981.0
8122508.857142856,934981.0
8122508.857142856,937962.0
8132512.857142856,937962.0
8132512.857142856,938509.0
8142508.857142856,938509.0
8142508.857142856,939051.0
8152512.857142856,939051.0
8152512.857142856,939111.0
8162512.857142856,939111.0
8162512.857142856,942236.0
8172512.857142856,942236.0
8172512.857142856,942304.0
8182508.857142856,942304.0
8182508.857142856,945308.0
8192528.857142856,945308.0
8192528.857142856,945370.0
8202508.857142856,945370.0
8202508.857142856,948323.0
8212508.857142856,948323.0
8212508.857142856,948394.0
8222512.857142856,948394.0
8222512.857142856,951530.0
8232508.857142856,951530.0
8232508.857142856,954465.0
8242508.857142856,954465.0
8242508.857142856,954999.0
8252512.857142856,954999.0
8252512.857142856,957915.0
8262508.857142856,957915.0
8262508.857142856,958446.0
8272508.857142856,958446.0
8272508.857142856,958505.0
8282514.857142856,958505.0
8282514.857142856,959190.0
8292508.857142856,959190.0
8292508.857142856,959269.0
8302512.857142856,959269.0
8302512.857142856,962253.0
8312508.857142856,962253.0
8312508.857142856,962315.0
8322508.857142856,962315.0
8322508.857142856,962984.0
8332508.857142856,962984.0
8332508.857142856,963043.0
8342512.857142856,963043.0
8342512.857142856,966052.0
8352512.857142856,966052.0
8352512.857142856,966112.0
8362512.857142856,966112.0
8362512.857142856,966635.0
8372515.857142856,966635.0
8372515.857142856,969753.0
8382508.857142856,969753.0
8382508.857142856,969812.0
8392512.857142856,969812.0
8392512.857142856,973539.0
8402508.857142856,973539.0
8402508.857142856,974118.0
8412508.857142856,974118.0
8412508.857142856,974662.0
8422508.857142856,974662.0
8422508.857142856,977638.0
8432516.857142856,977638.0
8432516.857142856,977708.0
8442514.857142856,977708.0
8442514.857142856,978371.0
8452508.857142856,978371.0
8452508.857142856,978431.0
8462512.857142856,978431.0
8462512.857142856,981433.0
8472512.857142856,981433.0
8472512.857142856,981494.0
8482508.857142856,981494.0
8482508.857142856,982029.0
8492512.857142856,982029.0
8492512.857142856,982099.0
8502508.857142856,982099.0
8502508.857142856,985225.0
8512508.857142856,985225.0
8512508.857142856,985285.0
8522508.857142856,985285.0
8522508.857142856,988268.0
8532514.857142856,988268.0
8532514.857142856,991192.0
8542508.857142856,991192.0
8542508.857142856,991719.0
8552508.857142856,991719.0
8552508.857142856,994908.0
8562511.857142856,994908.0
8562511.857142856,995444.0
8572512.857142856,995444.0
8572512.857142856,995504.0
8582512.857142856,995504.0
8582512.857142856,996056.0
8592508.857142856,996056.0
8592508.857142856,996115.0
8602508.857142856,996115.0
8602508.857142856,999185.0
8612515.857142856,999185.0
8612515.857142856,999246.0
8622512.857142856,999246.0
8622512.857142856,999918.0
8632508.857142856,999918.0
8632508.857142856,999977.0
8642508.857142856,999977.0
8642508.857142856,1002966.0
8652512.857142856,1002966.0
8652512.857142856,1003034.0
8662512.857142856,1003034.0
8662512.857142856,1006011.0
8672512.857142856,1006011.0
8672512.857142856,1006102.0
8682512.857142856,1006102.0
8682512.857142856,1006779.0
8692508.857142856,1006779.0
8692508.857142856,1006839.0
8702512.857142856,1006839.0
8702512.857142856,1009875.0
8712514.857142856,1009875.0
8712514.857142856,1010398.0
8722508.857142856,1010398.0
8722508.857142856,1013526.0
8732519.857142856,1013526.0
8732519.857142856,1014093.0
8742508.857142856,1014093.0
8742508.857142856,1014627.0
8752512.857142856,1014627.0
8752512.857142856,1014688.0
8762512.857142856,1014688.0
8762512.857142856,1017821.0
8772512.857142856,1017821.0
8772512.857142856,1017881.0
8782512.857142856,1017881.0
8782512.857142856,1020872.0
8792515.857142856,1020872.0
8792515.857142856,1020942.0
8802508.857142856,1020942.0
8802508.857142856,1024726.0
8812508.857142856,1024726.0
8812508.857142856,1024786.0
8822508.857142856,1024786.0
8822508.857142856,1027968.0
8832508.857142856,1027968.0
8832508.857142856,1030877.0
8842508.857142856,1030877.0
8842508.857142856,1031400.0
8852512.857142856,1031400.0
8852512.857142856,1034324.0
8862508.857142856,1034324.0
8862508.857142856,1034847.0
8872515.857142856,1034847.0
8872515.857142856,1034907.0
8882537.857142856,1034907.0
8882537.857142856,1038052.0
8892508.857142856,1038052.0
8892508.857142856,1038121.0
8902512.857142856,1038121.0
8902512.857142856,1038644.0
8912513.857142856,1038644.0
8912513.857142856,1038713.0
8922508.857142856,1038713.0
8922508.857142856,1039236.0
8932508.857142856,1039236.0
8932508.857142856,1039297.0
8942512.857142856,1039297.0
8942512.857142856,1042375.0
8952514.857142856,1042375.0
8952514.857142856,1042435.0
8962508.857142856,1042435.0
8962508.857142856,1045434.0
8972508.857142856,1045434.0
8972508.857142856,1045497.0
8982554.857142856,1045497.0
8982554.857142856,1046198.0
8992508.857142856,1046198.0
8992508.857142856,1046258.0
9002508.857142856,1046258.0
9002508.857142856,1049259.0
9012508.857142856,1049259.0
9012508.857142856,1049808.0
9022512.857142856,1049808.0
9022512.857142856,1052797.0
9032512.857142856,1052797.0
9032512.857142856,1053365.0
9042514.857142856,1053365.0
9042514.857142856,1054047.0
9052508.857142856,1054047.0
9052508.857142856,1054106.0
9062512.857142856,1054106.0
9062512.857142856,1057102.0
9072512.857142856,1057102.0
9072512.857142856,1057162.0
9082508.857142856,1057162.0
9082508.857142856,1060173.0
9092509.857142856,1060173.0
9092509.857142856,1060235.0
9102508.857142856,1060235.0
9102508.857142856,1060792.0
9112509.857142856,1060792.0
9112509.857142856,1060856.0
9122512.857142856,1060856.0
9122512.857142856,1064132.0
9132514.857142856,1064132.0
9132514.857142856,1064200.0
9142512.857142856,1064200.0
9142512.857142856,1067181.0
9152509.857142856,1067181.0
9152509.857142856,1070106.0
9162508.857142856,1070106.0
9162508.857142856,1070782.0
9172512.857142856,1070782.0
9172512.857142856,1072064.0
9182508.857142856,1072064.0
9182508.857142856,1075125.0
9192512.857142856,1075125.0
9192512.857142856,1075185.0
9202512.857142856,1075185.0
9202512.857142856,1075712.0
9212508.857142856,1075712.0
9212508.857142856,1075783.0
9222518.857142856,1075783.0
9222518.857142856,1076321.0
9232508.857142856,1076321.0
9232508.857142856,1076380.0
9242508.857142856,1076380.0
9242508.857142856,1079370.0
9252512.857142856,1079370.0
9252512.857142856,1079441.0
9262512.857142856,1079441.0
9262512.857142856,1082581.0
9272509.857142856,1082581.0
9272509.857142856,1082663.0
9282508.857142856,1082663.0
9282508.857142856,1085708.0
9292508.857142856,1085708.0
9292508.857142856,1085768.0
9302512.857142856,1085768.0
9302512.857142856,1088761.0
9312515.857142856,1088761.0
9312515.857142856,1089288.0
9322508.857142856,1089288.0
9322508.857142856,1092432.0
9332512.857142856,1092432.0
9332512.857142856,1092990.0
9342508.857142856,1092990.0
9342508.857142856,1095950.0
9352512.857142856,1095950.0
9352512.857142856,1096010.0
9362512.857142856,1096010.0
9362512.857142856,1096554.0
9372508.857142856,1096554.0
9372508.857142856,1096614.0
9382508.857142856,1096614.0
9382508.857142856,1099681.0
9392515.857142856,1099681.0
9392515.857142856,1099761.0
9402508.857142856,1099761.0
9402508.857142856,1100428.0
9412508.857142856,1100428.0
9412508.857142856,1100497.0
9422508.857142856,1100497.0
9422508.857142856,1103501.0
9432512.857142856,1103501.0
9432512.857142856,1106414.0
9442508.857142856,1106414.0
9442508.857142856,1106940.0
9452512.857142856,1106940.0
9452512.857142856,1110016.0
9462508.857142856,1110016.0
9462508.857142856,1110553.0
9472512.857142856,1110553.0
9472512.857142856,1110613.0
9482512.857142856,1110613.0
9482512.857142856,1111171.0
9492514.857142856,1111171.0
9492514.857142856,1111231.0
9502512.857142856,1111231.0
9502512.857142856,1114210.0
9512509.857142856,1114210.0
9512509.857142856,1114280.0
9522508.857142856,1114280.0
9522508.857142856,1114959.0
9532508.857142856,1114959.0
9532508.857142856,1115018.0
9542508.857142856,1115018.0
9542508.857142856,1118231.0
9552508.857142856,1118231.0
9552508.857142856,1118291.0
9562512.857142856,1118291.0
9562512.857142856,1121294.0
9572509.857142856,1121294.0
9572509.857142856,1121375.0
9582514.857142856,1121375.0
9582514.857142856,1121913.0
9592515.857142856,1121913.0
9592515.857142856,1121973.0
9602512.857142856,1121973.0
9602512.857142856,1125692.0
9612508.857142856,1125692.0
9612508.857142856,1125762.0
9622508.857142856,1125762.0
9622508.857142856,1126327.0
9632509.857142856,1126327.0
9632509.857142856,1126397.0
9642508.857142856,1126397.0
9642508.857142856,1129514.0
9652512.857142856,1129514.0
9652512.857142856,1129574.0
9662515.857142856,1129574.0
9662515.857142856,1130118.0
9672508.857142856,1130118.0
9672508.857142856,1130178.0
9682508.857142856,1130178.0
9682508.857142856,1130733.0
9692509.857142856,1130733.0
9692509.857142856,1130795.0
9702516.857142856,1130795.0
9702516.857142856,1133837.0
9712508.857142856,1133837.0
9712508.857142856,1133897.0
9722512.857142856,1133897.0
9722512.857142856,1136895.0
9732508.857142856,1136895.0
9732508.857142856,1136954.0
9742512.857142856,1136954.0
9742512.857142856,1137621.0
9752509.857142856,1137621.0
9752509.857142856,1137701.0
9762514.857142856,1137701.0
9762514.857142856,1140661.0
9772512.857142856,1140661.0
9772512.857142856,1140731.0
9782512.857142856,1140731.0
9782512.857142856,1143736.0
9792512.857142856,1143736.0
9792512.857142856,1143796.0
9802512.857142856,1143796.0
9802512.857142856,1144480.0
9812508.857142856,1144480.0
9812508.857142856,1147404.0
9822508.857142856,1147404.0
9822508.857142856,1147464.0
9832512.857142856,1147464.0
9832512.857142856,1150426.0
9842514.857142856,1150426.0
9842514.857142856,1150970.0
9852508.857142856,1150970.0
9852508.857142856,1154033.0
9862508.857142856,1154033.0
9862508.857142856,1154093.0
9872524.857142856,1154093.0
9872524.857142856,1157043.0
9882508.857142856,1157043.0
9882508.857142856,1157583.0
9892512.857142856,1157583.0
9892512.857142856,1158250.0
9902512.857142856,1158250.0
9902512.857142856,1158320.0
9912508.857142856,1158320.0
9912508.857142856,1161221.0
9922508.857142856,1161221.0
9922508.857142856,1161894.0
9932509.857142856,1161894.0
9932509.857142856,1164975.0
9942512.857142856,1164975.0
9942512.857142856,1167949.0
9952512.857142856,1167949.0
9952512.857142856,1169230.0
9962508.857142856,1169230.0
9962508.857142856,1169292.0
9972508.857142856,1169292.0
9972508.857142856,1169865.0
9982508.857142856,1169865.0
9982508.857142856,1170547.0
9992508.857142856,1170547.0
9992508.857142856,1171084.0
10002508.857142856,1171084.0
10002508.857142856,1174044.0
10012508.857142856,1174044.0
10012508.857142856,1174591.0
10022508.857142856,1174591.0
10022508.857142856,1177665.0
10032508.857142856,1177665.0
10032508.857142856,1180663.0
10042508.857142856,1180663.0
10042508.857142856,1181338.0
10052508.857142856,1181338.0
10052508.857142856,1181886.0
10062508.857142856,1181886.0
10062508.857142856,1184842.0
10072515.857142856,1184842.0
10072515.857142856,1185377.0
10082508.857142856,1185377.0
10082508.857142856,1188371.0
10092512.857142856,1188371.0
10092512.857142856,1188449.0
10102512.857142856,1188449.0
10102512.857142856,1188975.0
10112508.857142856,1188975.0
10112508.857142856,1189037.0
10122512.857142856,1189037.0
10122512.857142856,1192160.0
10132508.857142856,1192160.0
10132508.857142856,1192219.0
10142512.857142856,1192219.0
10142512.857142856,1192792.0
10152514.857142856,1192792.0
10152514.857142856,1192852.0
10162508.857142856,1192852.0
10162508.857142856,1193393.0
10172508.857142856,1193393.0
10172508.857142856,1193455.0
10182512.857142856,1193455.0
10182512.857142856,1196427.0
10192512.857142856,1196427.0
10192512.857142856,1196487.0
10202512.857142856,1196487.0
10202512.857142856,1197031.0
10212508.857142856,1197031.0
10212508.857142856,1197091.0
10222508.857142856,1197091.0
10222508.857142856,1197618.0
10232509.857142856,1197618.0
10232509.857142856,1197708.0
10242508.857142856,1197708.0
10242508.857142856,1198235.0
10252515.857142856,1198235.0
10252515.857142856,1198295.0
10262512.857142856,1198295.0
10262512.857142856,1201443.0
10272519.857142856,1201443.0
10272519.857142856,1201503.0
10282508.857142856,1201503.0
10282508.857142856,1202057.0
10292508.857142856,1202057.0
10292508.857142856,1202119.0
10302508.857142856,1202119.0
10302508.857142856,1205081.0
10312508.857142856,1205081.0
10312508.857142856,1205141.0
10322512.857142856,1205141.0
10322512.857142856,1205830.0
10332514.857142856,1205830.0
10332514.857142856,1205889.0
10342512.857142856,1205889.0
10342512.857142856,1208878.0
10352509.857142856,1208878.0
10352509.857142856,1212046.0
10362508.857142856,1212046.0
10362508.857142856,1215002.0
10372509.857142856,1215002.0
10372509.857142856,1215529.0
10382508.857142856,1215529.0
10382508.857142856,1216227.0
10392508.857142856,1216227.0
10392508.857142856,1219921.0
10402508.857142856,1219921.0
10402508.857142856,1220495.0
10412508.857142856,1220495.0
10412508.857142856,1223574.0
10422514.857142856,1223574.0
10422514.857142856,1226561.0
10432508.857142856,1226561.0
10432508.857142856,1227101.0
10442508.857142856,1227101.0
10442508.857142856,1227777.0
10452508.857142856,1227777.0
10452508.857142856,1227846.0
10462512.857142856,1227846.0
10462512.857142856,1228372.0
10472509.857142856,1228372.0
10472509.857142856,1228434.0
10482512.857142856,1228434.0
10482512.857142856,1231412.0
10492512.857142856,1231412.0
10492512.857142856,1231472.0
10502515.857142856,1231472.0
10502515.857142856,1232038.0
10512508.857142856,1232038.0
10512508.857142856,1232102.0
10522508.857142856,1232102.0
10522508.857142856,1235086.0
10532509.857142856,1235086.0
10532509.857142856,1235156.0
10542508.857142856,1235156.0
10542508.857142856,1235686.0
10552512.857142856,1235686.0
10552512.857142856,1235746.0
10562512.857142856,1235746.0
10562512.857142856,1238784.0
10572521.857142856,1238784.0
10572521.857142856,1238854.0
10582508.857142856,1238854.0
10582508.857142856,1239535.0
10592509.857142856,1239535.0
10592509.857142856,1239605.0
10602508.857142856,1239605.0
10602508.857142856,1240132.0
10612512.857142856,1240132.0
10612512.857142856,1240192.0
10622516.857142856,1240192.0
10622516.857142856,1243229.0
10632508.857142856,1243229.0
10632508.857142856,1243769.0
10642508.857142856,1243769.0
10642508.857142856,1246761.0
10652508.857142856,1246761.0
10652508.857142856,1247307.0
10662508.857142856,1247307.0
10662508.857142856,1250412.0
10672508.857142856,1250412.0
10672508.857142856,1253421.0
10682508.857142856,1253421.0
10682508.857142856,1256404.0
10692509.857142856,1256404.0
10692509.857142856,1257071.0
10702508.857142856,1257071.0
10702508.857142856,1260082.0
10712525.857142856,1260082.0
10712525.857142856,1263035.0
10722508.857142856,1263035.0
10722508.857142856,1263561.0
10732509.857142856,1263561.0
10732509.857142856,1264649.0
10742508.857142856,1264649.0
10742508.857142856,1265908.0
10752509.857142856,1265908.0
10752509.857142856,1266705.0
10762508.857142856,1266705.0
10762508.857142856,1267227.0
10772508.857142856,1267227.0
10772508.857142856,1267757.0
10782508.857142856,1267757.0
10782508.857142856,1268505.0
10792509.857142856,1268505.0
10792509.857142856,1269044.0
10802508.857142856,1269044.0
10802508.857142856,1269938.0
10812508.857142856,1269938.0
10812508.857142856,1270471.0
10822508.857142856,1270471.0
10822508.857142856,1271000.0
10832508.857142856,1271000.0
10832508.857142856,1271772.0
10842508.857142856,1271772.0
10842508.857142856,1271836.0
10852508.857142856,1271836.0
10852508.857142856,1272367.0
10862508.857142856,1272367.0
10862508.857142856,1273121.0
10872518.857142856,1273121.0
10872518.857142856,1273658.0
10882508.857142856,1273658.0
10882508.857142856,1274351.0
10892512.857142856,1274351.0
10892512.857142856,1275155.0
10902508.857142856,1275155.0
10902508.857142856,1275676.0
10912508.857142856,1275676.0
10912508.857142856,1276253.0
10922508.857142856,1276253.0
10922508.857142856,1276783.0
10932508.857142856,1276783.0
10932508.857142856,1277612.0
10942508.857142856,1277612.0
10942508.857142856,1277674.0
10952558.857142856,1277674.0
10952558.857142856,1278261.0
10962508.857142856,1278261.0
10962508.857142856,1278917.0
10972514.857142856,1278917.0
10972514.857142856,1279722.0
10982508.857142856,1279722.0
10982508.857142856,1280286.0
10992508.857142856,1280286.0
10992508.857142856,1281091.0
11002508.857142856,1281091.0
11002508.857142856,1281633.0
11012512.857142856,1281633.0
11012512.857142856,1282211.0
11022508.857142856,1282211.0
11022508.857142856,1282271.0
11032508.857142856,1282271.0
11032508.857142856,1283251.0
11042508.857142856,1283251.0
11042508.857142856,1283780.0
11052508.857142856,1283780.0
11052508.857142856,1284560.0
11062508.857142856,1284560.0
11062508.857142856,1284628.0
11072515.857142856,1284628.0
11072515.857142856,1285172.0
11082508.857142856,1285172.0
11082508.857142856,1285919.0
11092508.857142856,1285919.0
11092508.857142856,1286449.0
11102508.857142856,1286449.0
11102508.857142856,1287114.0
11112508.857142856,1287114.0
11112508.857142856,1287174.0
11122508.857142856,1287174.0
11122508.857142856,1287917.0
11132508.857142856,1287917.0
11132508.857142856,1288599.0
11142508.857142856,1288599.0
11142508.857142856,1289120.0
11152508.857142856,1289120.0
11152508.857142856,1290588.0
11162533.857142856,1290588.0
11162533.857142856,1290674.0
11172514.857142856,1290674.0
11172514.857142856,1291232.0
11182512.857142856,1291232.0
11182512.857142856,1291300.0
11192512.857142856,1291300.0
11192512.857142856,1291844.0
11202508.857142856,1291844.0
11202508.857142856,1292782.0
11212508.857142856,1292782.0
11212508.857142856,1293311.0
11222512.857142856,1293311.0
11222512.857142856,1294155.0
11232508.857142856,1294155.0
11232508.857142856,1294701.0
11242508.857142856,1294701.0
11242508.857142856,1295231.0
11252512.857142856,1295231.0
11252512.857142856,1296140.0
11262508.857142856,1296140.0
11262508.857142856,1296693.0
11272514.857142856,1296693.0
11272514.857142856,1296761.0
11282508.857142856,1296761.0
11282508.857142856,1297594.0
11292508.857142856,1297594.0
11292508.857142856,1298133.0
11302512.857142856,1298133.0
11302512.857142856,1298933.0
11312508.857142856,1298933.0
11312508.857142856,1299463.0
11322508.857142856,1299463.0
11322508.857142856,1300430.0
11332508.857142856,1300430.0
11332508.857142856,1300498.0
11342512.857142856,1300498.0
11342512.857142856,1301074.0
11352508.857142856,1301074.0
11352508.857142856,1301597.0
11362508.857142856,1301597.0
11362508.857142856,1302363.0
11372518.857142856,1302363.0
11372518.857142856,1302904.0
11382508.857142856,1302904.0
11382508.857142856,1303439.0
11392508.857142856,1303439.0
11392508.857142856,1303508.0
11402510.857142856,1303508.0
11402510.857142856,1304434.0
11412508.857142856,1304434.0
11412508.857142856,1305187.0
11422508.857142856,1305187.0
11422508.857142856,1305708.0
11432512.857142856,1305708.0
11432512.857142856,1306248.0
11442508.857142856,1306248.0
11442508.857142856,1306987.0
11452512.857142856,1306987.0
11452512.857142856,1307055.0
11462508.857142856,1307055.0
11462508.857142856,1307584.0
11472515.857142856,1307584.0
11472515.857142856,1308268.0
11482508.857142856,1308268.0
11482508.857142856,1309034.0
11492508.857142856,1309034.0
11492508.857142856,1309095.0
11502508.857142856,1309095.0
11502508.857142856,1309616.0
11512508.857142856,1309616.0
11512508.857142856,1310146.0
11522515.857142856,1310146.0
11522515.857142856,1310892.0
11532508.857142856,1310892.0
11532508.857142856,1312014.0
11542508.857142856,1312014.0
11542508.857142856,1312083.0
11552512.857142856,1312083.0
11552512.857142856,1312623.0
11562508.857142856,1312623.0
11562508.857142856,1312687.0
11572515.857142856,1312687.0
11572515.857142856,1313990.0
11582508.857142856,1313990.0
11582508.857142856,1314050.0
11592508.857142856,1314050.0
11592508.857142856,1314822.0
11602508.857142856,1314822.0
11602508.857142856,1315352.0
11612512.857142856,1315352.0
11612512.857142856,1315414.0
11622508.857142856,1315414.0
11622508.857142856,1316071.0
11632508.857142856,1316071.0
11632508.857142856,1316866.0
11642508.857142856,1316866.0
11642508.857142856,1317396.0
11652508.857142856,1317396.0
11652508.857142856,1318150.0
11662508.857142856,1318150.0
11662508.857142856,1318219.0
11672515.857142856,1318219.0
11672515.857142856,1318749.0
11682509.857142856,1318749.0
11682509.857142856,1319295.0
11692508.857142856,1319295.0
11692508.857142856,1320235.0
11702508.857142856,1320235.0
11702508.857142856,1320307.0
11712512.857142856,1320307.0
11712512.857142856,1320843.0
11722508.857142856,1320843.0
11722508.857142856,1321600.0
11732512.857142856,1321600.0
11732512.857142856,1322429.0
11742508.857142856,1322429.0
11742508.857142856,1322489.0
11752508.857142856,1322489.0
11752508.857142856,1323206.0
11762508.857142856,1323206.0
11762508.857142856,1323949.0
11772514.857142856,1323949.0
11772514.857142856,1324538.0
11782508.857142856,1324538.0
11782508.857142856,1324606.0
11792512.857142856,1324606.0
11792512.857142856,1325168.0
11802508.857142856,1325168.0
11802508.857142856,1325902.0
11812508.857142856,1325902.0
11812508.857142856,1326638.0
11822508.857142856,1326638.0
11822508.857142856,1326700.0
11832508.857142856,1326700.0
11832508.857142856,1327518.0
11842508.857142856,1327518.0
11842508.857142856,1328060.0
11852508.857142856,1328060.0
11852508.857142856,1328903.0
11862508.857142856,1328903.0
11862508.857142856,1328963.0
11872515.857142856,1328963.0
11872515.857142856,1329538.0
11882508.857142856,1329538.0
11882508.857142856,1330081.0
11892508.857142856,1330081.0
11892508.857142856,1331012.0
11902508.857142856,1331012.0
11902508.857142856,1331082.0
11912512.857142856,1331082.0
11912512.857142856,1331692.0
11922508.857142856,1331692.0
11922508.857142856,1332426.0
11932508.857142856,1332426.0
11932508.857142856,1333162.0
11942508.857142856,1333162.0
11942508.857142856,1333224.0
11952508.857142856,1333224.0
11952508.857142856,1334029.0
11962508.857142856,1334029.0
11962508.857142856,1335440.0
11972551.857142856,1335440.0
11972551.857142856,1336315.0
11982508.857142856,1336315.0
11982508.857142856,1336848.0
11992508.857142856,1336848.0
11992508.857142856,1337662.0
12002508.857142856,1337662.0
12002508.857142856,1337723.0
12012512.857142856,1337723.0
12012512.857142856,1338302.0
12022508.857142856,1338302.0
12022508.857142856,1338831.0
12032512.857142856,1338831.0
12032512.857142856,1339798.0
12042508.857142856,1339798.0
12042508.857142856,1340319.0
12052508.857142856,1340319.0
12052508.857142856,1341135.0
12062514.857142856,1341135.0
12062514.857142856,1341206.0
12072512.857142856,1341206.0
12072512.857142856,1341782.0
12082508.857142856,1341782.0
12082508.857142856,1342528.0
12092512.857142856,1342528.0
12092512.857142856,1343239.0
12102508.857142856,1343239.0
12102508.857142856,1343299.0
12112508.857142856,1343299.0
12112508.857142856,1344103.0
12122508.857142856,1344103.0
12122508.857142856,1344634.0
12132508.857142856,1344634.0
12132508.857142856,1345235.0
12142508.857142856,1345235.0
12142508.857142856,1345978.0
12152508.857142856,1345978.0
12152508.857142856,1346554.0
12162508.857142856,1346554.0
12162508.857142856,1346614.0
12172514.857142856,1346614.0
12172514.857142856,1347324.0
12182508.857142856,1347324.0
12182508.857142856,1348091.0
12192508.857142856,1348091.0
12192508.857142856,1348666.0
12202508.857142856,1348666.0
12202508.857142856,1349400.0
12212512.857142856,1349400.0
12212512.857142856,1349976.0
12222508.857142856,1349976.0
12222508.857142856,1350711.0
12232512.857142856,1350711.0
12232512.857142856,1351443.0
12242508.857142856,1351443.0
12242508.857142856,1351504.0
12252508.857142856,1351504.0
12252508.857142856,1352089.0
12262508.857142856,1352089.0
12262508.857142856,1352824.0
12272515.857142856,1352824.0
12272515.857142856,1353401.0
12282508.857142856,1353401.0
12282508.857142856,1353934.0
12292508.857142856,1353934.0
12292508.857142856,1354874.0
12302508.857142856,1354874.0
12302508.857142856,1355635.0
12312508.857142856,1355635.0
12312508.857142856,1356226.0
12322508.857142856,1356226.0
12322508.857142856,1356305.0
12332512.857142856,1356305.0
12332512.857142856,1357047.0
12342508.857142856,1357047.0
12342508.857142856,1358500.0
12352508.857142856,1358500.0
12352508.857142856,1359258.0
12362508.857142856,1359258.0
12362508.857142856,1359799.0
12372515.857142856,1359799.0
12372515.857142856,1360594.0
12382508.857142856,1360594.0
12382508.857142856,1360662.0
12392512.857142856,1360662.0
12392512.857142856,1361249.0
12402508.857142856,1361249.0
12402508.857142856,1361995.0
12412508.857142856,1361995.0
12412508.857142856,1362571.0
12422508.857142856,1362571.0
12422508.857142856,1363236.0
12432508.857142856,1363236.0
12432508.857142856,1363769.0
12442508.857142856,1363769.0
12442508.857142856,1363847.0
12452508.857142856,1363847.0
12452508.857142856,1364617.0
12462508.857142856,1364617.0
12462508.857142856,1364677.0
12472515.857142856,1364677.0
12472515.857142856,1365221.0
12482508.857142856,1365221.0
12482508.857142856,1365977.0
12492508.857142856,1365977.0
12492508.857142856,1366497.0
12502509.857142856,1366497.0
12502509.857142856,1366565.0
12512512.857142856,1366565.0
12512512.857142856,1367105.0
12522508.857142856,1367105.0
12522508.857142856,1367212.0
12532508.857142856,1367212.0
12532508.857142856,1368120.0
12542508.857142856,1368120.0
12542508.857142856,1368181.0
12552512.857142856,1368181.0
12552512.857142856,1368702.0
12562508.857142856,1368702.0
12562508.857142856,1369526.0
12572515.857142856,1369526.0
12572515.857142856,1370056.0
12582508.857142856,1370056.0
12582508.857142856,1370594.0
12592512.857142856,1370594.0
12592512.857142856,1371499.0
12602508.857142856,1371499.0
12602508.857142856,1372028.0
12612508.857142856,1372028.0
12612508.857142856,1372098.0
12622508.857142856,1372098.0
12622508.857142856,1372868.0
12632508.857142856,1372868.0
12632508.857142856,1372930.0
12642508.857142856,1372930.0
12642508.857142856,1373469.0
12652510.857142856,1373469.0
12652510.857142856,1373529.0
12662512.857142856,1373529.0
12662512.857142856,1374436.0
12672509.857142856,1374436.0
12672509.857142856,1374504.0
12682508.857142856,1374504.0
12682508.857142856,1375037.0
12692508.857142856,1375037.0
12692508.857142856,1375099.0
12702508.857142856,1375099.0
12702508.857142856,1375842.0
12712510.857142856,1375842.0
12712510.857142856,1375912.0
12722512.857142856,1375912.0
12722512.857142856,1376442.0
12732510.857142856,1376442.0
12732510.857142856,1377504.0
12742508.857142856,1377504.0
12742508.857142856,1378025.0
12752508.857142856,1378025.0
12752508.857142856,1378774.0
12762508.857142856,1378774.0
12762508.857142856,1379314.0
12772510.857142856,1379314.0
12772510.857142856,1379835.0
12782514.857142856,1379835.0
12782514.857142856,1381563.0
12792509.857142856,1381563.0
12792509.857142856,1382335.0
12802508.857142856,1382335.0
12802508.857142856,1383069.0
12812508.857142856,1383069.0
12812508.857142856,1383743.0
12822508.857142856,1383743.0
12822508.857142856,1384477.0
12832509.857142856,1384477.0
12832509.857142856,1385011.0
12842508.857142856,1385011.0
12842508.857142856,1385761.0
12852509.857142856,1385761.0
12852509.857142856,1386291.0
12862508.857142856,1386291.0
12862508.857142856,1387177.0
12872508.857142856,1387177.0
12872508.857142856,1387716.0
12882508.857142856,1387716.0
12882508.857142856,1388462.0
12892509.857142856,1388462.0
12892509.857142856,1388992.0
12902508.857142856,1388992.0
12902508.857142856,1389530.0
12912509.857142856,1389530.0
12912509.857142856,1390264.0
12922508.857142856,1390264.0
12922508.857142856,1390784.0
12932508.857142856,1390784.0
12932508.857142856,1391357.0
12942508.857142856,1391357.0
12942508.857142856,1392260.0
12952509.857142856,1392260.0
12952509.857142856,1392782.0
12962508.857142856,1392782.0
12962508.857142856,1393321.0
12972509.857142856,1393321.0
12972509.857142856,1394056.0
12982508.857142856,1394056.0
12982508.857142856,1394590.0
12992508.857142856,1394590.0
12992508.857142856,1395130.0
13002508.857142856,1395130.0
13002508.857142856,1395875.0
13012509.857142856,1395875.0
13012509.857142856,1396530.0
13022508.857142856,1396530.0
13022508.857142856,1396600.0
13032509.857142856,1396600.0
13032509.857142856,1397133.0
13042508.857142856,1397133.0
13042508.857142856,1397867.0
13052508.857142856,1397867.0
13052508.857142856,1398416.0
13062508.857142856,1398416.0
13062508.857142856,1398937.0
13072508.857142856,1398937.0
13072508.857142856,1399689.0
13082508.857142856,1399689.0
13082508.857142856,1400232.0
13092509.857142856,1400232.0
13092509.857142856,1400888.0
13102508.857142856,1400888.0
13102508.857142856,1401626.0
13112508.857142856,1401626.0
13112508.857142856,1402188.0
13122508.857142856,1402188.0
13122508.857142856,1402709.0
13132509.857142856,1402709.0
13132509.857142856,1403605.0
13142508.857142856,1403605.0
13142508.857142856,1404890.0
13152509.857142856,1404890.0
13152509.857142856,1405843.0
13162508.857142856,1405843.0
13162508.857142856,1405913.0
13172510.857142856,1405913.0
13172510.857142856,1406451.0
13182508.857142856,1406451.0
13182508.857142856,1407197.0
13192509.857142856,1407197.0
13192509.857142856,1407718.0
13202508.857142856,1407718.0
13202508.857142856,1408256.0
13212508.857142856,1408256.0
13212508.857142856,1408326.0
13222508.857142856,1408326.0
13222508.857142856,1409069.0
13232509.857142856,1409069.0
13232509.857142856,1409612.0
13242508.857142856,1409612.0
13242508.857142856,1409672.0
13252509.857142856,1409672.0
13252509.857142856,1410336.0
13262508.857142856,1410336.0
13262508.857142856,1410867.0
13272509.857142856,1410867.0
13272509.857142856,1411617.0
13282508.857142856,1411617.0
13282508.857142856,1412169.0
13292508.857142856,1412169.0
13292508.857142856,1412718.0
13302508.857142856,1412718.0
13302508.857142856,1413467.0
13312509.857142856,1413467.0
13312509.857142856,1413988.0
13322508.857142856,1413988.0
13322508.857142856,1414891.0
13332509.857142856,1414891.0
13332509.857142856,1415424.0
13342508.857142856,1415424.0
13342508.857142856,1416158.0
13352508.857142856,1416158.0
13352508.857142856,1416696.0
13362508.857142856,1416696.0
13362508.857142856,1417441.0
13372508.857142856,1417441.0
13372508.857142856,1418097.0
13382508.857142856,1418097.0
13382508.857142856,1418858.0
13392509.857142856,1418858.0
13392509.857142856,1419379.0
13402508.857142856,1419379.0
13402508.857142856,1419439.0
13412508.857142856,1419439.0
13412508.857142856,1419987.0
13422508.857142856,1419987.0
13422508.857142856,1420519.0
13432509.857142856,1420519.0
13432509.857142856,1421296.0
13442508.857142856,1421296.0
13442508.857142856,1421834.0
13452508.857142856,1421834.0
13452508.857142856,1422505.0
13462508.857142856,1422505.0
13462508.857142856,1423257.0
13472508.857142856,1423257.0
13472508.857142856,1423808.0
13482508.857142856,1423808.0
13482508.857142856,1424352.0
13492508.857142856,1424352.0
13492508.857142856,1425088.0
13502508.857142856,1425088.0
13502508.857142856,1425630.0
13512509.857142856,1425630.0
13512509.857142856,1426286.0
13522508.857142856,1426286.0
13522508.857142856,1426346.0
13532508.857142856,1426346.0
13532508.857142856,1427312.0
13542508.857142856,1427312.0
13542508.857142856,1428557.0
13552509.857142856,1428557.0
13552509.857142856,1429332.0
13562508.857142856,1429332.0
13562508.857142856,1429886.0
13572509.857142856,1429886.0
13572509.857142856,1430542.0
13582508.857142856,1430542.0
13582508.857142856,1431290.0
13592508.857142856,1431290.0
13592508.857142856,1431841.0
13602508.857142856,1431841.0
13602508.857142856,1432373.0
13612508.857142856,1432373.0
13612508.857142856,1433109.0
13622508.857142856,1433109.0
13622508.857142856,1433648.0
13632510.857142856,1433648.0
13632510.857142856,1434315.0
13642508.857142856,1434315.0
13642508.857142856,1435051.0
13652508.857142856,1435051.0
13652508.857142856,1435601.0
13662508.857142856,1435601.0
13662508.857142856,1435664.0
13672509.857142856,1435664.0
13672509.857142856,1436418.0
13682508.857142856,1436418.0
13682508.857142856,1436976.0
13692508.857142856,1436976.0
13692508.857142856,1437632.0
13702508.857142856,1437632.0
13702508.857142856,1438368.0
13712520.857142856,1438368.0
13712520.857142856,1438922.0
13722508.857142856,1438922.0
13722508.857142856,1439447.0
13732509.857142856,1439447.0
13732509.857142856,1440195.0
13742508.857142856,1440195.0
13742508.857142856,1440750.0
13752515.857142856,1440750.0
13752515.857142856,1441272.0
13762508.857142856,1441272.0
13762508.857142856,1442160.0
13772514.857142856,1442160.0
13772514.857142856,1442744.0
13782508.857142856,1442744.0
13782508.857142856,1443486.0
13792508.857142856,1443486.0
13792508.857142856,1444007.0
13802508.857142856,1444007.0
13802508.857142856,1444076.0
13812508.857142856,1444076.0
13812508.857142856,1444834.0
13822508.857142856,1444834.0
13822508.857142856,1445355.0
13832509.857142856,1445355.0
13832509.857142856,1446035.0
13842508.857142856,1446035.0
13842508.857142856,1446568.0
13852508.857142856,1446568.0
13852508.857142856,1447297.0
13862508.857142856,1447297.0
13862508.857142856,1447836.0
13872545.857142856,1447836.0
13872545.857142856,1448373.0
13882508.857142856,1448373.0
13882508.857142856,1449111.0
13892514.857142856,1449111.0
13892514.857142856,1449662.0
13902508.857142856,1449662.0
13902508.857142856,1450194.0
13912520.857142856,1450194.0
13912520.857142856,1451093.0
13922508.857142856,1451093.0
13922508.857142856,1451643.0
13932508.857142856,1451643.0
13932508.857142856,1453231.0
13942508.857142856,1453231.0
13942508.857142856,1453291.0
13952508.857142856,1453291.0
13952508.857142856,1453868.0
13962508.857142856,1453868.0
13962508.857142856,1454412.0
13972508.857142856,1454412.0
13972508.857142856,1455141.0
13982508.857142856,1455141.0
13982508.857142856,1455826.0
13992508.857142856,1455826.0
13992508.857142856,1456348.0
14002508.857142856,1456348.0
14002508.857142856,1457080.0
14012551.857142856,1457080.0
14012551.857142856,1457619.0
14022512.857142856,1457619.0
14022512.857142856,1458140.0
14032509.857142856,1458140.0
14032509.857142856,1458913.0
14042508.857142856,1458913.0
14042508.857142856,1459443.0
14052509.857142856,1459443.0
14052509.857142856,1460091.0
14062508.857142856,1460091.0
14062508.857142856,1460151.0
14072540.857142856,1460151.0
14072540.857142856,1460943.0
14082508.857142856,1460943.0
14082508.857142856,1461504.0
14092517.857142856,1461504.0
14092517.857142856,1462234.0
14102508.857142856,1462234.0
14102508.857142856,1462772.0
14112533.857142856,1462772.0
14112533.857142856,1463309.0
14122508.857142856,1463309.0
14122508.857142856,1464181.0
14132508.857142856,1464181.0
14132508.857142856,1464745.0
14142508.857142856,1464745.0
14142508.857142856,1465491.0
14152531.857142856,1465491.0
14152531.857142856,1466055.0
14162514.857142856,1466055.0
14162514.857142856,1466124.0
14172509.857142856,1466124.0
14172509.857142856,1466646.0
14182508.857142856,1466646.0
14182508.857142856,1467387.0
14192514.857142856,1467387.0
14192514.857142856,1468054.0
14202508.857142856,1468054.0
14202508.857142856,1468576.0
14212508.857142856,1468576.0
14212508.857142856,1469304.0
14222508.857142856,1469304.0
14222508.857142856,1469853.0
14232508.857142856,1469853.0
14232508.857142856,1470400.0
14242508.857142856,1470400.0
14242508.857142856,1471287.0
14252508.857142856,1471287.0
14252508.857142856,1471838.0
14262510.857142856,1471838.0
14262510.857142856,1472375.0
14272509.857142856,1472375.0
14272509.857142856,1473125.0
14282508.857142856,1473125.0
14282508.857142856,1473195.0
14292508.857142856,1473195.0
14292508.857142856,1473772.0
14302508.857142856,1473772.0
14302508.857142856,1474510.0
14312510.857142856,1474510.0
14312510.857142856,1475195.0
14322508.857142856,1475195.0
14322508.857142856,1475716.0
14332512.857142856,1475716.0
14332512.857142856,1476674.0
14342508.857142856,1476674.0
14342508.857142856,1477949.0
14352535.857142856,1477949.0
14352535.857142856,1478524.0
14362508.857142856,1478524.0
14362508.857142856,1479276.0
14372545.857142856,1479276.0
14372545.857142856,1479840.0
14382508.857142856,1479840.0
14382508.857142856,1480371.0
14392508.857142856,1480371.0
14392508.857142856,1481323.0
14402508.857142856,1481323.0
14402508.857142856,1481396.0
14412508.857142856,1481396.0
14412508.857142856,1481929.0
14422508.857142856,1481929.0
14422508.857142856,1482666.0
14432508.857142856,1482666.0
14432508.857142856,1483227.0
14442508.857142856,1483227.0
14442508.857142856,1483768.0
14452510.857142856,1483768.0
14452510.857142856,1484503.0
14462508.857142856,1484503.0
14462508.857142856,1485193.0
14472508.857142856,1485193.0
14472508.857142856,1485713.0
14482508.857142856,1485713.0
14482508.857142856,1486461.0
14492508.857142856,1486461.0
14492508.857142856,1487010.0
14502508.857142856,1487010.0
14502508.857142856,1487532.0
14512510.857142856,1487532.0
14512510.857142856,1488268.0
14522508.857142856,1488268.0
14522508.857142856,1488337.0
14532509.857142856,1488337.0
14532509.857142856,1489005.0
14542508.857142856,1489005.0
14542508.857142856,1489742.0
14552508.857142856,1489742.0
14552508.857142856,1490281.0
14562508.857142856,1490281.0
14562508.857142856,1490827.0
14572508.857142856,1490827.0
14572508.857142856,1491578.0
14582521.857142856,1491578.0
14582521.857142856,1492141.0
14592509.857142856,1492141.0
14592509.857142856,1492796.0
14602508.857142856,1492796.0
14602508.857142856,1493543.0
14612508.857142856,1493543.0
14612508.857142856,1494081.0
14622508.857142856,1494081.0
14622508.857142856,1494602.0
14632509.857142856,1494602.0
14632509.857142856,1495369.0
14642508.857142856,1495369.0
14642508.857142856,1496034.0
14652510.857142856,1496034.0
14652510.857142856,1496769.0
14662508.857142856,1496769.0
14662508.857142856,1496829.0
14672508.857142856,1496829.0
14672508.857142856,1497367.0
14682508.857142856,1497367.0
14682508.857142856,1497897.0
14692508.857142856,1497897.0
14692508.857142856,1498633.0
14702508.857142856,1498633.0
14702508.857142856,1499181.0
14712508.857142856,1499181.0
14712508.857142856,1499702.0
14722508.857142856,1499702.0
14722508.857142856,1500589.0
14732509.857142856,1500589.0
14732509.857142856,1501315.0
14742508.857142856,1501315.0
14742508.857142856,1502776.0
14752510.857142856,1502776.0
14752510.857142856,1503335.0
14762508.857142856,1503335.0
14762508.857142856,1503873.0
14772509.857142856,1503873.0
14772509.857142856,1504619.0
14782508.857142856,1504619.0
14782508.857142856,1504678.0
14792508.857142856,1504678.0
14792508.857142856,1505351.0
14802508.857142856,1505351.0
14802508.857142856,1505872.0
14812508.857142856,1505872.0
14812508.857142856,1506608.0
14822508.857142856,1506608.0
14822508.857142856,1507146.0
14832508.857142856,1507146.0
14832508.857142856,1507692.0
14842508.857142856,1507692.0
14842508.857142856,1508429.0
14852508.857142856,1508429.0
14852508.857142856,1508990.0
14862508.857142856,1508990.0
14862508.857142856,1509510.0
14872514.857142856,1509510.0
14872514.857142856,1510400.0
14882508.857142856,1510400.0
14882508.857142856,1510966.0
14892509.857142856,1510966.0
14892509.857142856,1511511.0
14902508.857142856,1511511.0
14902508.857142856,1511570.0
14912508.857142856,1511570.0
14912508.857142856,1512335.0
14922508.857142856,1512335.0
14922508.857142856,1512881.0
14932509.857142856,1512881.0
14932509.857142856,1513640.0
14942508.857142856,1513640.0
14942508.857142856,1514313.0
14952508.857142856,1514313.0
14952508.857142856,1514835.0
14962508.857142856,1514835.0
14962508.857142856,1515572.0
14972508.857142856,1515572.0
14972508.857142856,1516122.0
14982508.857142856,1516122.0
14982508.857142856,1516655.0
14992508.857142856,1516655.0
14992508.857142856,1517422.0
15002508.857142856,1517422.0
15002508.857142856,1517951.0
15012514.857142856,1517951.0
15012514.857142856,1518609.0
15022508.857142856,1518609.0
15022508.857142856,1518671.0
15032552.857142856,1518671.0
15032552.857142856,1519469.0
15042508.857142856,1519469.0
15042508.857142856,1519949.0
15052508.857142856,1519949.0
15052508.857142856,1520677.0
15062508.857142856,1520677.0
15062508.857142856,1521184.0
15072508.857142856,1521184.0
15072508.857142856,1521664.0
15082508.857142856,1521664.0
15082508.857142856,1522522.0
15092508.857142856,1522522.0
15092508.857142856,1523019.0
15102508.857142856,1523019.0
15102508.857142856,1523703.0
15112508.857142856,1523703.0
15112508.857142856,1524171.0
15122508.857142856,1524171.0
15122508.857142856,1524241.0
15132509.857142856,1524241.0
15132509.857142856,1524899.0
15142508.857142856,1524899.0
15142508.857142856,1525586.0
15152515.857142856,1525586.0
15152515.857142856,1527009.0
15162518.857142856,1527009.0
15162518.857142856,1527496.0
15172522.857142856,1527496.0
15172522.857142856,1528196.0
15182511.857142856,1528196.0
15182511.857142856,1528215.0
15192510.857142856,1528215.0
15192510.857142856,1528234.0
15202510.857142856,1528234.0
15202510.857142856,1528251.0
15212511.857142856,1528251.0
15212511.857142856,1528269.0
15222518.857142856,1528269.0
15222518.857142856,1528299.0
15232511.857142856,1528299.0
15232511.857142856,1528316.0
15242510.857142856,1528316.0
15242510.857142856,1528333.0
15252510.857142856,1528333.0
15252510.857142856,1528350.0
15262518.857142856,1528350.0
15262518.857142856,1528367.0
15272520.857142856,1528367.0
15272520.857142856,1528384.0
15282511.857142856,1528384.0
15282511.857142856,1528401.0
15292518.857142856,1528401.0
15292518.857142856,1528418.0
15302510.857142856,1528418.0
15302510.857142856,1528435.0
15312510.857142856,1528435.0
15312510.857142856,1528452.0
15322511.857142856,1528452.0
15322511.857142856,1528470.0
15332511.857142856,1528470.0
15332511.857142856,1528487.0
15342510.857142856,1528487.0
15342510.857142856,1528504.0
15352518.857142856,1528504.0
15352518.857142856,1528521.0
15362510.857142856,1528521.0
15362510.857142856,1528538.0
15372510.857142856,1528538.0
15372510.857142856,1528558.0
15382522.857142856,1528558.0
15382522.857142856,1528575.0
15392532.857142856,1528575.0
15392532.857142856,1528592.0
15402510.857142856,1528592.0
15402510.857142856,1528609.0
15412510.857142856,1528609.0
15412510.857142856,1528626.0
15422518.857142856,1528626.0
15422518.857142856,1528643.0
15432510.857142856,1528643.0
15432510.857142856,1528661.0
15442510.857142856,1528661.0
15442510.857142856,1528678.0
15452519.857142856,1528678.0
15452519.857142856,1528695.0
15462511.857142856,1528695.0
15462511.857142856,1528712.0
15472510.857142856,1528712.0
15472510.857142856,1528729.0
15482518.857142856,1528729.0
15482518.857142856,1528746.0
15492520.857142856,1528746.0
15492520.857142856,1528763.0
15502510.857142856,1528763.0
15502510.857142856,1528780.0
15512518.857142856,1528780.0
15512518.857142856,1528797.0
15522510.857142856,1528797.0
15522510.857142856,1528814.0
15532510.857142856,1528814.0
15532510.857142856,1528831.0
15542509.857142856,1528831.0
15542509.857142856,1528849.0
15552510.857142856,1528849.0
15552510.857142856,1528866.0
15562510.857142856,1528866.0
15562510.857142856,1528883.0
15572518.857142856,1528883.0
15572518.857142856,1528900.0
15582510.857142856,1528900.0
15582510.857142856,1528917.0
15592524.857142856,1528917.0
15592524.857142856,1528934.0
15602522.857142856,1528934.0
15602522.857142856,1528951.0
15612510.857142856,1528951.0
15612510.857142856,1528968.0
15622510.857142856,1528968.0
15622510.857142856,1528985.0
15632518.857142856,1528985.0
15632518.857142856,1529002.0
15642510.857142856,1529002.0
15642510.857142856,1529019.0
15652559.857142856,1529019.0
15652559.857142856,1529037.0
15662518.857142856,1529037.0
15662518.857142856,1529054.0
15672510.857142856,1529054.0
15672510.857142856,1529071.0
15682511.857142856,1529071.0
15682511.857142856,1529088.0
15692518.857142856,1529088.0
15692518.857142856,1529105.0
15702524.857142856,1529105.0
15702524.857142856,1529122.0
15712520.857142856,1529122.0
15712520.857142856,1529139.0
15722518.857142856,1529139.0
15722518.857142856,1529156.0
15732510.857142856,1529156.0
15732510.857142856,1529173.0
15742510.857142856,1529173.0
15742510.857142856,1529190.0
15752510.857142856,1529190.0
15752510.857142856,1529207.0
15762509.857142856,1529207.0
15762509.857142856,1529225.0
15772510.857142856,1529225.0
15772510.857142856,1529242.0
15782511.857142856,1529242.0
15782511.857142856,1529259.0
15792518.857142856,1529259.0
15792518.857142856,1529276.0
15802510.857142856,1529276.0
15802510.857142856,1529293.0
15812524.857142856,1529293.0
15812524.857142856,1529310.0
15822522.857142856,1529310.0
15822522.857142856,1529327.0
15832511.857142856,1529327.0
15832511.857142856,1529344.0
15842510.857142856,1529344.0
15842510.857142856,1529361.0
15852518.857142856,1529361.0
15852518.857142856,1529378.0
15862510.857142856,1529378.0
15862510.857142856,1529395.0
15872559.857142856,1529395.0
15872559.857142856,1529413.0
15882518.857142856,1529413.0
15882518.857142856,1529430.0
15892510.857142856,1529430.0
15892510.857142856,1529447.0
15902510.857142856,1529447.0
15902510.857142856,1529464.0
15912518.857142856,1529464.0
15912518.857142856,1529481.0
15922524.857142856,1529481.0
15922524.857142856,1529498.0
15932520.857142856,1529498.0
15932520.857142856,1529515.0
15942518.857142856,1529515.0
15942518.857142856,1529532.0
15952510.857142856,1529532.0
15952510.857142856,1529549.0
15962510.857142856,1529549.0
15962510.857142856,1529566.0
15972518.857142856,1529566.0
15972518.857142856,1529583.0
15982559.857142856,1529583.0
15982559.857142856,1529601.0
15992510.857142856,1529601.0
15992510.857142856,1529618.0
16002518.857142856,1529618.0
16002518.857142856,1529635.0
16012510.857142856,1529635.0
16012510.857142856,1529652.0
16022510.857142856,1529652.0
16022510.857142856,1529669.0
16032526.857142856,1529669.0
16032526.857142856,1529686.0
